section,group,scenario,attack,defence,edge,soak,attack_mode,defence_mode,hit_probability,expected_damage_per_action,expected_damage_given_hit,injury_trigger_nat1_per_action,injury_trigger_gritty_per_action,p_damage_0,p_damage_1,p_damage_2,p_damage_4,p_damage_3,p_damage_6,p_pc_win,initiative,injury_rule,luck_policy,reps,seed,p_pc_win_ci_low,p_pc_win_ci_high,p_hold_survival,p_hold_ci_low,p_hold_ci_high,mean_rounds,se_rounds,mean_pc_stamina_lost,se_pc_stamina_lost,mean_pc_survivors,se_pc_survivors,mean_pc_injured,se_pc_injured,mean_npc_injured,se_npc_injured,mean_pc_luck_spent,se_pc_luck_spent,p_pc_win_given_pc_first,p_pc_win_given_npc_first,targeting,hope_cap,note
exact,exchange,equal10_plain,10,10,1,1,plain,plain,0.36250000000000027,0.6699999999999972,1.8482758620689563,0.04750000000000003,0.07500000000000005,0.6374999999999974,0.1500000000000001,0.16500000000000012,0.04750000000000003,,,,,,,,,,,,,,,,,,,,,,,,,,,,,,
exact,exchange,equal10_attack_adv,10,10,1,1,advantage,plain,0.5643749999999994,1.124000000000001,1.9915836101882651,0.09262500000000005,0.14350000000000004,0.43562499999999954,0.1899999999999998,0.2817499999999999,0.09262500000000005,,,,,,,,,,,,,,,,,,,,,,,,,,,,,,
exact,exchange,equal10_defence_adv,10,10,1,1,plain,advantage,0.27312499999999923,0.545249999999999,1.9963386727688808,0.04512500000000001,0.060250000000000026,0.7268750000000003,0.09125000000000005,0.13674999999999995,0.04512500000000001,,,,,,,,,,,,,,,,,,,,,,,,,,,,,,
exact,exchange,halvar_vanguard_vs_elite,14,12,2,1,advantage,disadvantage,0.8357374999999995,2.9003562500000006,3.4704153517103187,0.0975,0.42665624999999996,0.1642625,,0.16081250000000002,0.26145625,0.31596875000000013,0.0975,,,,,,,,,,,,,,,,,,,,,,,,,,,,
exact,exchange,halvar_steady_vs_elite,14,12,2,1,plain,plain,0.5050000000000002,1.682499999999998,3.3316831683168266,0.05000000000000003,0.18750000000000014,0.4950000000000004,,0.12500000000000008,0.1425000000000001,0.18750000000000014,0.05000000000000003,,,,,,,,,,,,,,,,,,,,,,,,,,,,
exact,exchange,halvar_watchful_vs_elite,14,12,2,1,disadvantage,advantage,0.19473750000000004,0.5538562499999999,2.8441170806855376,0.0025000000000000005,0.026656250000000003,0.8052625000000002,,0.07081249999999997,0.032956250000000006,0.08846875,0.0025000000000000005,,,,,,,,,,,,,,,,,,,,,,,,,,,,
exact,exchange,minmax16_vs_nemesis16,16,16,1,2,plain,plain,0.46000000000000035,0.897499999999996,1.9510869565217288,0.04750000000000003,0.18750000000000014,0.5399999999999995,0.21250000000000016,0.20000000000000015,,,0.04750000000000003,,,,,,,,,,,,,,,,,,,,,,,,,,,,
exact,exchange,minmax16_tag_vs_nemesis16,16,16,1,2,advantage,plain,0.6369999999999998,1.4326249999999983,2.2490188383045506,0.09262500000000005,0.31662499999999977,0.3629999999999995,0.21187499999999954,0.33249999999999974,,,0.09262500000000005,,,,,,,,,,,,,,,,,,,,,,,,,,,,
exact_duel,coupled_control,mirror_no_luck_pc_first_exact,,,,,,,,,,,,,,,,,,0.5387720066815589,pc_first,none,none,,,,,,,,,,,,,,,,,,,,,,,,
exact_duel,coupled_control,mirror_no_luck_npc_first_exact,,,,,,,,,,,,,,,,,,0.461227993318421,npc_first,none,none,,,,,,,,,,,,,,,,,,,,,,,,
exact_duel,coupled_control,mirror_no_luck_random_exact,,,,,,,,,,,,,,,,,,0.49999999999998995,random,none,none,,,,,,,,,,,,,,,,,,,,,,,,
simulation,build_vs_tier,duel_balanced_vs_peasant,,,,,,,,,,,,,,,,,,0.9996,random,none,decisive,20000,443644691872304304,0.9992108209764861,0.9997972965962543,0.9999,0.9996354263863794,0.9999725759647273,2.08115,0.009668655957288014,0.4136,0.006292355019115206,0.9996,0.00014139660409635902,0.0,0.0,0.0,0.0,0.7256,0.007525162018400013,0.99980176429775,0.9993946120472202,focus,2,"Core baseline: random side initiative, finite personal Hope, no optional Injury."
simulation,build_vs_tier,duel_balanced_dual_vs_peasant,,,,,,,,,,,,,,,,,,0.9992,random,none,decisive,20000,17085455466659290936,0.9987007797717246,0.9995074914298606,0.99985,0.9995590363727073,0.999948985182005,2.07535,0.009684436395083325,0.35675,0.005932599064624465,0.9992,0.00019992498218062942,0.0,0.0,0.0,0.0,0.69225,0.007320497002172595,0.9993984962406015,0.999002493765586,focus,2,"Core baseline: random side initiative, finite personal Hope, no optional Injury."
simulation,build_vs_tier,duel_minmax_dual_vs_peasant,,,,,,,,,,,,,,,,,,1.0,random,none,decisive,20000,8470271439971362109,0.9998079639438954,0.9999999999999999,1.0,0.9998079639438954,0.9999999999999999,1.4922,0.005497587577606988,0.13505,0.0035778785524031957,1.0,0.0,0.0,0.0,0.0,0.0,0.45825,0.006079859793593556,1.0,1.0,focus,2,"Core baseline: random side initiative, finite personal Hope, no optional Injury."
simulation,build_vs_tier,duel_minmax_split_vs_peasant,,,,,,,,,,,,,,,,,,0.99995,random,none,decisive,20000,13443485894141909624,0.9997168094297738,0.9999911737177268,0.99995,0.9997168094297738,0.9999911737177268,1.4907,0.005487456706804661,0.35305,0.005672908775019961,0.99995,4.9999999999999996e-05,0.0,0.0,0.0,0.0,0.5216,0.006523327348062834,1.0,0.999900259325753,focus,2,"Core baseline: random side initiative, finite personal Hope, no optional Injury."
simulation,build_counterfactual,duel_floor8_dual_vs_peasant,,,,,,,,,,,,,,,,,,0.9996,random,none,decisive,20000,14429749448270393626,0.9992108209764861,0.9997972965962543,0.99965,0.9992776515467302,0.9998304468224045,1.4931,0.005533909170517291,0.1429,0.0037636003685814884,0.9996,0.00014139660409635902,0.0,0.0,0.0,0.0,0.4566,0.005992296503083691,1.0,0.9992011982026959,focus,2,"Counterfactual creation floor 8 yields legal 16/16, STM 6, Hope 8."
simulation,build_vs_tier,duel_balanced_vs_soldier,,,,,,,,,,,,,,,,,,0.95765,random,none,decisive,20000,1311544730211217032,0.9547699775578181,0.9603542518400293,0.99345,0.9922333766994632,0.9944771029167673,3.98175,0.01437310600335951,1.86835,0.01453242833970539,0.95765,0.0014240524116982364,0.0,0.0,0.0,0.0,1.2923,0.010463436800377004,0.9669413183279743,0.9484474522292994,focus,2,"Core baseline: random side initiative, finite personal Hope, no optional Injury."
simulation,build_vs_tier,duel_balanced_dual_vs_soldier,,,,,,,,,,,,,,,,,,0.9677,random,none,decisive,20000,17996163449505948539,0.9651585562784217,0.9700618131946981,0.99475,0.993649046241228,0.9956609340812566,4.04425,0.01474247143114732,1.63435,0.013814378224418439,0.9677,0.0012501654473237869,0.0,0.0,0.0,0.0,1.26285,0.010250280351647186,0.9763109941283661,0.9592965817032207,focus,2,"Core baseline: random side initiative, finite personal Hope, no optional Injury."
simulation,build_vs_tier,duel_minmax_dual_vs_soldier,,,,,,,,,,,,,,,,,,0.9996,random,none,decisive,20000,14558559645216202256,0.9992108209764861,0.9997972965962543,0.9999,0.9996354263863794,0.9999725759647273,2.642,0.00882528720692501,0.67445,0.009178647626617588,0.9996,0.00014139660409635902,0.0,0.0,0.0,0.0,0.91215,0.00818137920055544,0.9997981225396184,0.9994055285841672,focus,2,"Core baseline: random side initiative, finite personal Hope, no optional Injury."
simulation,build_vs_tier,duel_minmax_split_vs_soldier,,,,,,,,,,,,,,,,,,0.99595,random,none,decisive,20000,7396495298112951940,0.9949695101107263,0.9967400093252234,0.9991,0.9985777005831638,0.9994306090256326,2.6301,0.008779667056767094,1.4576,0.012869280979124124,0.99595,0.0004490990531029596,0.0,0.0,0.0,0.0,1.0088,0.0084513134621171,0.9981992797118847,0.993702518992403,focus,2,"Core baseline: random side initiative, finite personal Hope, no optional Injury."
simulation,build_counterfactual,duel_floor8_dual_vs_soldier,,,,,,,,,,,,,,,,,,0.98905,random,none,decisive,20000,17633614303549357586,0.9875108895266084,0.9904012800069156,0.9931,0.9918542758696303,0.9941563381718392,2.6262,0.008737133103870155,0.671,0.009030062408497245,0.98905,0.0007358885456355329,0.0,0.0,0.0,0.0,0.9087,0.008078767159903867,0.9938625616259181,0.984295795646556,focus,2,"Counterfactual creation floor 8 yields legal 16/16, STM 6, Hope 8."
simulation,build_vs_tier,duel_balanced_vs_elite,,,,,,,,,,,,,,,,,,0.7621,random,none,decisive,20000,4860495948972059411,0.7561488742032699,0.7679504604961199,0.93865,0.9352392459526935,0.9418922808152859,4.7498,0.01655456736629001,3.49825,0.01839447647293164,0.7621,0.0030109189264473863,0.0,0.0,0.0,0.0,1.5098,0.01151506959776588,0.7949837530463039,0.7302009456264775,focus,2,"Core baseline: random side initiative, finite personal Hope, no optional Injury."
simulation,build_vs_tier,duel_balanced_dual_vs_elite,,,,,,,,,,,,,,,,,,0.81005,random,none,decisive,20000,8218442258374700255,0.8045542895636786,0.815426628877931,0.95285,0.9498244750852939,0.9557015978586921,4.86185,0.01748194811228114,3.10815,0.018192284816271477,0.81005,0.0027737762286688407,0.0,0.0,0.0,0.0,1.4734,0.011391273416765255,0.837288817377313,0.7831145584725537,focus,2,"Core baseline: random side initiative, finite personal Hope, no optional Injury."
simulation,build_vs_tier,duel_minmax_dual_vs_elite,,,,,,,,,,,,,,,,,,0.9895,random,none,decisive,20000,11241380277916361298,0.9879903561203053,0.9908216405807683,0.99675,0.9958601321753175,0.9974490800029425,3.3799,0.01092473189549059,1.46245,0.014450776488550922,0.9895,0.0007207728322250941,0.0,0.0,0.0,0.0,1.03,0.009273041543365005,0.9930492595950439,0.9860021840563884,focus,2,"Core baseline: random side initiative, finite personal Hope, no optional Injury."
simulation,build_vs_tier,duel_minmax_split_vs_elite,,,,,,,,,,,,,,,,,,0.9536,random,none,decisive,20000,12533182588025849059,0.9505966251763265,0.9564291597135754,0.98745,0.9858108924941146,0.988901891554789,3.34525,0.010441650888564696,2.78925,0.018212311942483156,0.9536,0.0014874349139142715,0.0,0.0,0.0,0.0,1.12185,0.009776241998865464,0.9686358099878197,0.9390027591643674,focus,2,"Core baseline: random side initiative, finite personal Hope, no optional Injury."
simulation,build_counterfactual,duel_floor8_dual_vs_elite,,,,,,,,,,,,,,,,,,0.9478,random,none,decisive,20000,4695876242454771590,0.9446304353491216,0.950797577159031,0.9733,0.9709733268704946,0.9754448917987969,3.3042,0.010525381569466218,1.41525,0.013281554572398253,0.9478,0.001572857811146546,0.0,0.0,0.0,0.0,0.98185,0.009094237963304384,0.9622268367447839,0.9330433903105088,focus,2,"Counterfactual creation floor 8 yields legal 16/16, STM 6, Hope 8."
simulation,build_vs_tier,duel_balanced_vs_monster,,,,,,,,,,,,,,,,,,0.3396,random,none,decisive,20000,10709439742862189262,0.3330680875623068,0.34619351760449163,0.73325,0.7270763259028924,0.7393340892769348,4.40845,0.013847762198308253,5.7726,0.014868944692741772,0.3396,0.003348753903713347,0.0,0.0,0.0,0.0,1.27395,0.0110306914417313,0.3785242951409718,0.3006601320264053,focus,2,"Core baseline: random side initiative, finite personal Hope, no optional Injury."
simulation,build_vs_tier,duel_balanced_dual_vs_monster,,,,,,,,,,,,,,,,,,0.3888,random,none,decisive,20000,16660851980738978420,0.38206599655752893,0.3955767122613487,0.7763,0.7704718670806451,0.7820220137947514,4.67665,0.015035492748064786,5.516,0.016248242990244008,0.3888,0.003447074428570669,0.0,0.0,0.0,0.0,1.34825,0.011229866533940574,0.4318497913769124,0.34517817596134487,focus,2,"Core baseline: random side initiative, finite personal Hope, no optional Injury."
simulation,build_vs_tier,duel_minmax_dual_vs_monster,,,,,,,,,,,,,,,,,,0.8755,random,none,decisive,20000,16417139544534379767,0.870852184844089,0.8800035960777762,0.95825,0.9553888210505888,0.9609351779039914,3.95655,0.01287619488415482,3.45715,0.022691054141927906,0.8755,0.002334579193987784,0.0,0.0,0.0,0.0,1.22005,0.010073304991345811,0.9071551115147846,0.8444158160737291,focus,2,"Core baseline: random side initiative, finite personal Hope, no optional Injury."
simulation,build_vs_tier,duel_minmax_split_vs_monster,,,,,,,,,,,,,,,,,,0.6824,random,none,decisive,20000,497093438259355124,0.6759135194967195,0.6888164257500135,0.86895,0.864202258496701,0.8735560380974995,3.56535,0.0104561912507267,5.46865,0.022765143783063903,0.6824,0.0032919680819674777,0.0,0.0,0.0,0.0,1.15505,0.010062332602427237,0.746012877662209,0.6175668854114084,focus,2,"Core baseline: random side initiative, finite personal Hope, no optional Injury."
simulation,build_counterfactual,duel_floor8_dual_vs_monster,,,,,,,,,,,,,,,,,,0.70255,random,none,decisive,20000,7205725497955967748,0.696176124070875,0.7088460821227971,0.8145,0.8090527384744465,0.8198264708462636,3.52215,0.012016766994888869,2.9376,0.017534129128194936,0.70255,0.0032325218227982223,0.0,0.0,0.0,0.0,1.0554,0.009618012648586267,0.7457322551662174,0.6592206751477512,focus,2,"Counterfactual creation floor 8 yields legal 16/16, STM 6, Hope 8."
simulation,build_vs_tier,duel_balanced_vs_nemesis,,,,,,,,,,,,,,,,,,0.0666,random,none,decisive,20000,13558840387720469932,0.06322711198501907,0.07013934486841245,0.53665,0.5297327436178852,0.5435531801392023,3.9349,0.013868767668247664,6.78155,0.006804321774779668,0.0666,0.0017630591081614206,0.0,0.0,0.0,0.0,1.02595,0.010263727250850637,0.08150192175027102,0.05125342535268446,focus,2,"Core baseline: random side initiative, finite personal Hope, no optional Injury."
simulation,build_vs_tier,duel_balanced_dual_vs_nemesis,,,,,,,,,,,,,,,,,,0.09045,random,none,decisive,20000,1474787583714092077,0.08655312815201746,0.09450416858153785,0.5844,0.5775543460036454,0.5912132383100841,4.21745,0.015647060950888508,6.68215,0.008244056471079933,0.09045,0.002028212404379251,0.0,0.0,0.0,0.0,1.1157,0.010731096557279973,0.10611710168295878,0.0750223280738315,focus,2,"Core baseline: random side initiative, finite personal Hope, no optional Injury."
simulation,build_vs_tier,duel_minmax_dual_vs_nemesis,,,,,,,,,,,,,,,,,,0.50555,random,none,decisive,20000,15648296285037410321,0.498620507252055,0.5124773611477224,0.90215,0.8979547611165052,0.9061907842835698,5.59825,0.01686317186069276,6.60805,0.02160369403261379,0.50555,0.0035354044788738757,0.0,0.0,0.0,0.0,1.61445,0.012348387911351037,0.5438215554678247,0.4662545601945683,focus,2,"Core baseline: random side initiative, finite personal Hope, no optional Injury."
simulation,build_vs_tier,duel_minmax_split_vs_nemesis,,,,,,,,,,,,,,,,,,0.23305,random,none,decisive,20000,12739652263369309209,0.22724236391462743,0.2389601641357268,0.71705,0.7107662197395751,0.7232504174084698,4.1919,0.011146296761551561,8.06175,0.01455704098527968,0.23305,0.002989537044692218,0.0,0.0,0.0,0.0,1.19085,0.010812130177858068,0.28054478576399244,0.1849914495523589,focus,2,"Core baseline: random side initiative, finite personal Hope, no optional Injury."
simulation,build_counterfactual,duel_floor8_dual_vs_nemesis,,,,,,,,,,,,,,,,,,0.3016,random,none,decisive,20000,9382318313353935707,0.29527795570579324,0.30799824420126903,0.6778,0.6712897943215317,0.6842419176569174,4.36235,0.015730861288398793,4.9041,0.013680260120913227,0.3016,0.00324536571435809,0.0,0.0,0.0,0.0,1.1951,0.011079392453869361,0.34304304304304306,0.26023976023976025,focus,2,"Counterfactual creation floor 8 yields legal 16/16, STM 6, Hope 8."
simulation,build_vs_tier,duel_minmax_tag_base_vs_nemesis_niche,,,,,,,,,,,,,,,,,,0.49875,random,none,decisive,20000,9439113406399129618,0.4918214079625731,0.5056790721275672,0.90525,0.9011129339884565,0.9092314207880707,5.6174,0.017213822288611243,6.6301,0.021592753688462075,0.49875,0.0035356112487581436,0.0,0.0,0.0,0.0,1.5595,0.01173200193886255,0.5422641131053846,0.45547023037797946,focus,2,Matched Hope-6 extreme without applying its niche tag.
simulation,build_vs_tier,duel_minmax_tagged_vs_nemesis_niche,,,,,,,,,,,,,,,,,,0.7226,random,none,decisive,20000,3953937026306805132,0.7163527939881581,0.7287617115596642,0.9144,0.9104425984442672,0.9181982420724333,4.389,0.012371806783172538,5.1704,0.023639186376790293,0.7226,0.003165906370718725,0.0,0.0,0.0,0.0,1.2691,0.010387716531208225,0.7706541308261652,0.6745650869826035,focus,2,Attack Advantage applies only in the assumed tag niche.
simulation,initiative,mirror_no_luck_pc_first,,,,,,,,,,,,,,,,,,0.5357,pc_first,none,none,20000,2374544753845900681,0.5287819712579923,0.5426043173676017,0.8159,0.81046822079434,0.8212104508254129,4.6133,0.018727137816135685,2.5183,0.01135273974576123,0.5357,0.003526598551702085,0.0,0.0,0.0,0.0,0.0,0.0,0.5357,nan,focus,2,Identical combatants isolate first-action effects.
simulation,initiative,mirror_no_luck_npc_first,,,,,,,,,,,,,,,,,,0.46385,npc_first,none,none,20000,38315631735708544,0.4569462181775266,0.4707676660293297,0.79835,0.7927322524234258,0.8038531596618966,4.64265,0.01880559042908702,2.81355,0.01047448354885723,0.46385,0.0035263693282230027,0.0,0.0,0.0,0.0,0.0,0.0,nan,0.46385,focus,2,Identical combatants isolate first-action effects.
simulation,initiative,mirror_no_luck_random,,,,,,,,,,,,,,,,,,0.50085,random,none,none,20000,16454121868871374030,0.49392099304858983,0.5077786804901149,0.81355,0.8080922984994751,0.8188872756897417,4.6692,0.01863306006930631,2.66055,0.010996009752929664,0.50085,0.0035356171886171757,0.0,0.0,0.0,0.0,0.0,0.0,0.5409131781396743,0.46071464317886096,focus,2,Identical combatants isolate first-action effects.
simulation,stance_duel,halvar_vanguard_vs_elite,,,,,,,,,,,,,,,,,,0.9661,random,natural1,decisive,20000,5636333671267392777,0.9635010410126593,0.9685199429758399,0.97345,0.9711294041079368,0.9755887569505377,2.3481,0.006130105905277698,1.55305,0.013415971239131904,0.9661,0.001279695815836347,0.02065,0.0010055990435913428,0.0,0.0,0.6153,0.007012328724304564,0.9856150793650794,0.9462701612903226,focus,2,Win and three-round survival are separate stance objectives.
simulation,stance_duel,halvar_steady_vs_elite,,,,,,,,,,,,,,,,,,0.94765,random,natural1,decisive,20000,2755858992201701224,0.9444762853326596,0.9506517847863099,0.97475,0.9724828742567322,0.9768347875079963,3.2072,0.010640914878593508,1.666,0.014620290272234071,0.94765,0.0015749913983559545,0.0226,0.0010509601447539737,0.0,0.0,0.8721,0.008471166834231082,0.9644019327482497,0.9304189065828178,focus,2,Win and three-round survival are separate stance objectives.
simulation,stance_duel,halvar_watchful_vs_elite,,,,,,,,,,,,,,,,,,0.92735,random,natural1,decisive,20000,1365580272995982910,0.9236700751702992,0.9308657916125481,0.9839,0.9820604661477883,0.9855536813571135,5.18335,0.019413409873052827,1.7798,0.015941402209818958,0.92735,0.001835420200762122,0.02865,0.0011796306419479664,0.0,0.0,1.4885,0.010780268930314795,0.9361406296553779,0.9184372167958916,focus,2,Win and three-round survival are separate stance objectives.
simulation,stance_threat,halvar_vanguard_vs_monster_hope0,,,,,,,,,,,,,,,,,,0.7017,random,natural1,decisive,20000,11326711663812172396,0.6953210823729754,0.708001450281992,0.78965,0.7839462942987391,0.7952424592139594,2.73425,0.008054476432675822,3.98865,0.018610705972472934,0.7017,0.003235178328769675,0.02745,0.0011553750990829683,0.0,0.0,0.0,0.0,0.7805096555843122,0.622161944946755,focus,2,Harder Twilight stance test against a one-score Monster.
simulation,stance_threat,halvar_steady_vs_monster_hope0,,,,,,,,,,,,,,,,,,0.5931,random,natural1,decisive,20000,17294334400542230720,0.5862744169821489,0.5998898259042044,0.81,0.8045037517069593,0.8153771859382559,3.70045,0.012571749771595676,4.43065,0.01907806928154355,0.5931,0.0034737908487908506,0.0348,0.0012959675831589422,0.0,0.0,0.0,0.0,0.6485590922783412,0.5380938153570362,focus,2,Harder Twilight stance test against a one-score Monster.
simulation,stance_threat,halvar_watchful_vs_monster_hope0,,,,,,,,,,,,,,,,,,0.36765,random,natural1,decisive,20000,15213486950381109160,0.36099366050656406,0.37435717143748676,0.8498,0.8447814636624047,0.8546841879127445,6.00525,0.02202692400549966,5.5057,0.016765811346949662,0.36765,0.003409509512049444,0.0544,0.0016037956877452944,0.0,0.0,0.0,0.0,0.39203629032258064,0.34365079365079365,focus,2,Harder Twilight stance test against a one-score Monster.
simulation,stance_threat,halvar_vanguard_vs_monster_hope12,,,,,,,,,,,,,,,,,,0.8133,random,natural1,decisive,20000,3300894209706565128,0.8078395599434276,0.8186401102638172,0.85235,0.8473658113345953,0.8571988608566677,2.55795,0.007175629892784181,3.21625,0.018669138269111017,0.8133,0.0027554555207363334,0.0224,0.0010464065884432383,0.0,0.0,0.7148,0.007773099063658757,0.8826771653543307,0.7416666666666667,focus,2,Harder Twilight stance test against a one-score Monster.
simulation,stance_threat,halvar_steady_vs_monster_hope12,,,,,,,,,,,,,,,,,,0.7548,random,natural1,decisive,20000,12617465511729903114,0.7487892034230567,0.7607129350027525,0.87205,0.867349054427955,0.8766080515426975,3.47795,0.01173339565103279,3.3932,0.0196221543018847,0.7548,0.003042089859871956,0.02465,0.0010964392294829648,0.0,0.0,1.01505,0.009325530716863118,0.803888334995015,0.7054162487462388,focus,2,Harder Twilight stance test against a one-score Monster.
simulation,stance_threat,halvar_watchful_vs_monster_hope12,,,,,,,,,,,,,,,,,,0.6437,random,natural1,decisive,20000,6866234807280559959,0.6370358171545728,0.6503089916829029,0.9106,0.9065664794091304,0.9144758205815964,5.77775,0.020894367078324726,4.0357,0.020104638403220937,0.6437,0.003386456688700628,0.03805,0.0013528493578626015,0.0,0.0,1.66935,0.01194291256490755,0.6730711498048634,0.6143699410412711,focus,2,Harder Twilight stance test against a one-score Monster.
simulation,twilight_party,twilight_pair_halvar_vanguard_vs_two_soldiers,,,,,,,,,,,,,,,,,,0.99585,random,natural1,decisive,20000,7506360725027409028,0.994858838440503,0.9966507194026579,0.9995,0.9990797771249671,0.9997283788549844,2.38715,0.005631592103169478,1.5109,0.013883216366708194,1.9751,0.0012763545565585223,0.0303,0.001220315515962132,0.0,0.0,1.2573,0.009880522088221693,0.9991040318566451,0.9925665494726268,focus,2,Halvar screens Tolly from melee while alive; fixed focus targeting.
simulation,twilight_party,twilight_pair_halvar_steady_vs_two_soldiers,,,,,,,,,,,,,,,,,,0.9957,random,natural1,decisive,20000,3094059525126341096,0.9946930699009592,0.9965165455530188,0.9995,0.9990797771249671,0.9997283788549844,2.9291,0.007389951966657393,1.3812,0.013806297790969693,1.97525,0.0012794349231931002,0.03115,0.0012325014515169545,0.0,0.0,1.4986,0.010755960511936008,0.9985906986108315,0.992847208424399,focus,2,Halvar screens Tolly from melee while alive; fixed focus targeting.
simulation,twilight_party,twilight_pair_halvar_watchful_vs_two_soldiers,,,,,,,,,,,,,,,,,,0.998,random,natural1,decisive,20000,5817791035766961342,0.9972779078878247,0.998530824200295,0.99985,0.9995590363727073,0.999948985182005,3.64345,0.00901416483282737,0.9892,0.011966884653760801,1.98695,0.0009187094624274955,0.02685,0.001145215897100869,0.0,0.0,1.82305,0.011542469246431425,0.9990036863604663,0.9969888587774767,focus,2,Halvar screens Tolly from melee while alive; fixed focus targeting.
simulation,targeting,three_vs_three_pc_focus_targeting,,,,,,,,,,,,,,,,,,0.5737,random,none,none,20000,9970602575776057413,0.566832662718554,0.5805390311667762,0.9747,0.9724307904577394,0.976786890510595,7.19005,0.01970154708196468,8.37475,0.027049440021658013,1.34595,0.009068491702156848,0.0,0.0,0.0,0.0,0.0,0.0,0.648496993987976,0.4992015968063872,pc_focus,2,Identical sides isolate target coordination; casualties immediately lose actions.
simulation,targeting,three_vs_three_npc_focus_targeting,,,,,,,,,,,,,,,,,,0.4272,random,none,none,20000,11922282472044353685,0.42035894929123735,0.4340690111585315,0.9728,0.9704532025959642,0.9749652081093831,7.22415,0.020004508189215613,9.20425,0.0266160105477112,0.85795,0.007816754119022029,0.0,0.0,0.0,0.0,0.0,0.0,0.5095643465197797,0.345082376435347,npc_focus,2,Identical sides isolate target coordination; casualties immediately lose actions.
simulation,targeting,three_vs_three_focus_targeting,,,,,,,,,,,,,,,,,,0.49905,random,none,none,20000,7558951853184327939,0.4921213412074032,0.5059790236611035,0.97595,0.9737335717583239,0.9779836291198701,7.54875,0.0217493637519855,8.67285,0.027663774292301564,1.01315,0.00807199552344936,0.0,0.0,0.0,0.0,0.0,0.0,0.5842685370741483,0.41417165668662675,focus,2,Identical sides isolate target coordination; casualties immediately lose actions.
simulation,targeting,three_vs_three_random_targeting,,,,,,,,,,,,,,,,,,0.50255,random,none,none,20000,3942216518188224807,0.4956207466700404,0.5094782739460735,0.97175,0.9693615886984793,0.973957225282586,6.8829,0.017863799575307693,8.9078,0.026152325999951903,1.16615,0.008984500260851845,0.0,0.0,0.0,0.0,0.0,0.0,0.5702827351112894,0.4351685617394774,random,2,Identical sides isolate target coordination; casualties immediately lose actions.
simulation,injury,balanced_vs_elite_injury_none,,,,,,,,,,,,,,,,,,0.76635,random,none,decisive,20000,6258214608634455779,0.7604347104748794,0.7721629919180335,0.9387,0.9352905025590812,0.9419410050052925,4.70875,0.016524824518471242,3.473,0.018401779296417606,0.76635,0.002992211814290071,0.0,0.0,0.0,0.0,1.47695,0.011420593521039904,0.7940763052208836,0.7388446215139443,focus,2,Gritty adds effective-margin 8+ to the natural-1 trigger.
simulation,injury,balanced_vs_elite_injury_natural1,,,,,,,,,,,,,,,,,,0.7596,random,natural1,decisive,20000,14194699723709242733,0.7536281735556359,0.7654721213240346,0.93995,0.9365721232957485,0.9431589041784849,4.75715,0.016697384046811054,3.48115,0.01843242310674533,0.7596,0.0030217293959630335,0.03605,0.0013181831266321712,0.0,0.0,1.4919,0.011404745631146079,0.7892983143865151,0.7286647611269906,focus,2,Gritty adds effective-margin 8+ to the natural-1 trigger.
simulation,injury,balanced_vs_elite_injury_gritty,,,,,,,,,,,,,,,,,,0.73015,random,gritty,decisive,20000,10624728057115921911,0.7239544611591862,0.7362571446441888,0.9365,0.933035794834134,0.9397965576888866,4.8264,0.017230002775675414,3.51,0.0190664148808532,0.73015,0.0031387961827863005,0.128,0.0023624307511444006,0.07475,0.0018596491039278048,1.5583,0.01171652334722068,0.7668821481849826,0.6930115635997989,focus,2,Gritty adds effective-margin 8+ to the natural-1 trigger.
simulation,npc_stats,npc_stats_balanced_vs_elite_defence_minus2,,,,,,,,,,,,,,,,,,0.8008,random,none,decisive,20000,10445921954603665579,0.7952071831157357,0.8062772879929117,0.93945,0.9360594272680496,0.9426717922422401,4.4169,0.014956968444349019,3.2472,0.018097540828775672,0.8008,0.0028242462389708365,0.0,0.0,0.0,0.0,1.4464,0.011152245093636142,0.8301604704475232,0.7712451088592355,focus,2,NPC attacks at tier but defends at tier minus 2; core baseline uses tier for both.
simulation,npc_stats,npc_stats_balanced_dual_vs_elite_defence_minus2,,,,,,,,,,,,,,,,,,0.8434,random,none,decisive,20000,18339516374919370296,0.8382974103590807,0.8483706992775867,0.95425,0.9512659908632948,0.9570595443797343,4.5711,0.0157430820277221,2.90715,0.01766626867019282,0.8434,0.0025698545109811917,0.0,0.0,0.0,0.0,1.4521,0.011236618378303545,0.8714883442916915,0.8150973700060229,focus,2,NPC attacks at tier but defends at tier minus 2; core baseline uses tier for both.
simulation,npc_stats,npc_stats_minmax_dual_vs_elite_defence_minus2,,,,,,,,,,,,,,,,,,0.99115,random,none,decisive,20000,13201478116346597366,0.9897543843175848,0.9923569786645036,0.99655,0.9956365177601437,0.9972727712325388,3.21705,0.0097745456140988,1.41065,0.014155417608371126,0.99115,0.0006622732104579382,0.0,0.0,0.0,0.0,0.9837,0.009051840270940187,0.9939176388473427,0.9883662621602648,focus,2,NPC attacks at tier but defends at tier minus 2; core baseline uses tier for both.
simulation,npc_stats,npc_stats_balanced_vs_monster_defence_minus2,,,,,,,,,,,,,,,,,,0.38025,random,none,decisive,20000,14794799327895478236,0.3735457581169417,0.3870002345184953,0.7303,0.7241055103352853,0.7364060378572729,4.23675,0.012904390649693691,5.58815,0.01573050702671614,0.38025,0.0034327228338889688,0.0,0.0,0.0,0.0,1.23655,0.010859125236640621,0.4375930890676199,0.32208681639641457,focus,2,NPC attacks at tier but defends at tier minus 2; core baseline uses tier for both.
simulation,npc_stats,npc_stats_balanced_dual_vs_monster_defence_minus2,,,,,,,,,,,,,,,,,,0.4421,random,none,decisive,20000,3456803216991259527,0.4352288696869167,0.44899336808838025,0.7802,0.7744073094750464,0.7858850735191126,4.5077,0.014079664319413562,5.29025,0.016955813806954028,0.4421,0.0035118365778901914,0.0,0.0,0.0,0.0,1.32715,0.011177092208822124,0.4892483922829582,0.39540207006369427,focus,2,NPC attacks at tier but defends at tier minus 2; core baseline uses tier for both.
simulation,npc_stats,npc_stats_minmax_dual_vs_monster_defence_minus2,,,,,,,,,,,,,,,,,,0.8917,random,none,decisive,20000,8195108549491522851,0.8873177162981425,0.8959318426555052,0.9588,0.9559562308663099,0.9614675568486084,3.75925,0.011569838587173404,3.27215,0.022171689111678054,0.8917,0.002197452374875731,0.0,0.0,0.0,0.0,1.18925,0.010019318400572994,0.918350766730984,0.8658524574017532,focus,2,NPC attacks at tier but defends at tier minus 2; core baseline uses tier for both.
simulation,npc_stats,npc_stats_balanced_vs_nemesis_defence_minus2,,,,,,,,,,,,,,,,,,0.0878,random,none,decisive,20000,3669795984407340155,0.0839565743929119,0.09180174013174075,0.5375,0.5305834560466255,0.5444021412491665,3.88285,0.013453450993785279,6.7014,0.007905063345813559,0.0878,0.0020011892059252907,0.0,0.0,0.0,0.0,1.06195,0.010386096640469472,0.10502838605028386,0.07103393843725335,focus,2,NPC attacks at tier but defends at tier minus 2; core baseline uses tier for both.
simulation,npc_stats,npc_stats_balanced_dual_vs_nemesis_defence_minus2,,,,,,,,,,,,,,,,,,0.10855,random,none,decisive,20000,16891248473362375199,0.104313747661023,0.1129365973673013,0.58395,0.5771033676011736,0.5907643895450063,4.1665,0.015163455543483514,6.61425,0.009074495258592066,0.10855,0.002199678795720006,0.0,0.0,0.0,0.0,1.14075,0.010844715407405276,0.13181089743589744,0.08536341853035144,focus,2,NPC attacks at tier but defends at tier minus 2; core baseline uses tier for both.
simulation,npc_stats,npc_stats_minmax_dual_vs_nemesis_defence_minus2,,,,,,,,,,,,,,,,,,0.55955,random,none,decisive,20000,2444958319171879800,0.5526590187693099,0.566418109736408,0.90585,0.901724344456761,0.909819779876499,5.33255,0.01545930057841294,6.2948,0.022276545069265366,0.55955,0.0035104566711899486,0.0,0.0,0.0,0.0,1.59545,0.012147297753703738,0.6094645327010473,0.5084025106296821,focus,2,NPC attacks at tier but defends at tier minus 2; core baseline uses tier for both.
simulation,luck,balanced_vs_elite_luck_none,,,,,,,,,,,,,,,,,,0.61015,random,none,none,20000,18338397119244415801,0.6033701873260153,0.6168875071308249,0.92535,0.9216252392077317,0.9289113957193401,5.23985,0.018364312164441763,4.4763,0.01799647490914423,0.61015,0.0034487597150538924,0.0,0.0,0.0,0.0,0.0,0.0,0.6499850761118297,0.5699065232686702,focus,2,Decisive Hope spends at most two to flip an exchange or secure a KO.
simulation,luck,balanced_vs_elite_luck_decisive,,,,,,,,,,,,,,,,,,0.76865,random,none,decisive,20000,6985691892171474616,0.7627544475515011,0.774442371475554,0.9378,0.9343679788479399,0.9410638743813348,4.72005,0.01655166450103698,3.4553,0.018378029902553616,0.76865,0.002981912719241336,0.0,0.0,0.0,0.0,1.478,0.011383860488163965,0.794132125627646,0.7423549730773138,focus,2,Decisive Hope spends at most two to flip an exchange or secure a KO.
simulation,luck_scope,hope_scope_balanced_dual_vs_nemesis_own_die,,,,,,,,,,,,,,,,,,0.0668,random,none,own_decisive,20000,8277981139500831643,0.06342226266456888,0.07034411737444016,0.5601,0.5532098315116981,0.5669670857543582,4.06665,0.014498306760444337,6.77905,0.006807266104581994,0.0668,0.0017655151803914373,0.0,0.0,0.0,0.0,0.7772,0.008713311889873133,0.07982171799027553,0.05410742496050553,focus,2,Sensitivity reproduces the narrower own-die-only Hope heuristic.
simulation,luck_scope,hope_scope_minmax_dual_vs_nemesis_own_die,,,,,,,,,,,,,,,,,,0.49225,random,none,own_decisive,20000,10380296486192158088,0.48532346676709004,0.4991795097917796,0.9014,0.8971908796862396,0.9054549537679195,5.52625,0.016640444468060483,6.6562,0.02163119214060268,0.49225,0.0035351975554539813,0.0,0.0,0.0,0.0,1.511,0.011915580097185895,0.5331798618756881,0.451393745628934,focus,2,Sensitivity reproduces the narrower own-die-only Hope heuristic.
simulation,hope_cap,hope_cap0_balanced_dual_vs_monster,,,,,,,,,,,,,,,,,,0.2172,random,none,decisive,20000,14802023139247414836,0.21153996457406585,0.2229686510192669,0.70525,0.6988923129494087,0.7115288562495605,4.50235,0.014253241091733518,6.25325,0.012077790175598195,0.2172,0.0029157560051647122,0.0,0.0,0.0,0.0,0.0,0.0,0.24702470247024702,0.18738126187381263,focus,0,Matched Hope per-decision cap sensitivity; cap 8 is pool-bounded.
simulation,hope_cap,hope_cap4_balanced_dual_vs_monster,,,,,,,,,,,,,,,,,,0.5191,random,none,decisive,20000,3121817030881239687,0.5121725346846314,0.5260201295380255,0.8302,0.8249332300159139,0.8353399493726347,4.64825,0.014983902119979863,4.79905,0.018687854790500526,0.5191,0.0035330416950810186,0.0,0.0,0.0,0.0,3.7453,0.019708521425790406,0.5700169677612537,0.46798917944093776,focus,4,Matched Hope per-decision cap sensitivity; cap 8 is pool-bounded.
simulation,hope_cap,hope_cap8_balanced_dual_vs_monster,,,,,,,,,,,,,,,,,,0.5233,random,none,decisive,20000,14597292806551335756,0.5163741976820739,0.5302168534377116,0.87925,0.874661235846813,0.8836931048046316,4.70655,0.014764069688357886,4.6621,0.01958776055393204,0.5233,0.0035317813032460965,0.0,0.0,0.0,0.0,5.906,0.01660608286440258,0.5731105967595854,0.4741130875484448,focus,8,Matched Hope per-decision cap sensitivity; cap 8 is pool-bounded.
simulation,hope_cap,hope_cap0_minmax_dual_vs_monster,,,,,,,,,,,,,,,,,,0.7465,random,none,decisive,20000,16615291927240228972,0.7404241714304092,0.7524811547939314,0.9302,0.926585342143911,0.9336494300334166,4.4084,0.014530864712792047,4.76925,0.023787360379005695,0.7465,0.003076095027470852,0.0,0.0,0.0,0.0,0.0,0.0,0.7871038908945046,0.706122856003191,focus,0,Matched Hope per-decision cap sensitivity; cap 8 is pool-bounded.
simulation,hope_cap,hope_cap4_minmax_dual_vs_monster,,,,,,,,,,,,,,,,,,0.9339,random,none,decisive,20000,7047341685355850169,0.9303726255534538,0.9372607255570585,0.97595,0.9737335717583239,0.9779836291198701,3.58125,0.011559481085029195,2.54915,0.02073886975972764,0.9339,0.0017568989255764642,0.0,0.0,0.0,0.0,3.15335,0.018373447364427902,0.953765921171397,0.9141489679928209,focus,4,Matched Hope per-decision cap sensitivity; cap 8 is pool-bounded.
simulation,hope_cap,hope_cap8_minmax_dual_vs_monster,,,,,,,,,,,,,,,,,,0.9422,random,none,decisive,20000,13136102304701161552,0.9388800648970973,0.9453500984148838,0.98555,0.983800400144212,0.9871131136417048,3.48165,0.012090925249900023,2.11295,0.020195420461713125,0.9422,0.001650180037058907,0.0,0.0,0.0,0.0,4.97625,0.01953134328569152,0.9561904761904761,0.9282793017456359,focus,8,Matched Hope per-decision cap sensitivity; cap 8 is pool-bounded.
simulation,hope_cap,hope_cap0_balanced_dual_vs_nemesis,,,,,,,,,,,,,,,,,,0.03945,random,none,decisive,20000,8102208940369580795,0.03683940937092578,0.04223747504035219,0.51475,0.5078213287316051,0.5216730062047399,3.8288,0.013013569673605414,6.87575,0.00511193734998518,0.03945,0.001376509939659245,0.0,0.0,0.0,0.0,0.0,0.0,0.04808459696727853,0.030773857257417804,focus,0,Matched Hope per-decision cap sensitivity; cap 8 is pool-bounded.
simulation,hope_cap,hope_cap4_balanced_dual_vs_nemesis,,,,,,,,,,,,,,,,,,0.1299,random,none,decisive,20000,14104573486968323358,0.12531166092233698,0.13463048416639162,0.6482,0.6415539810391999,0.6547890994737706,4.5274,0.016779050593729708,6.48755,0.010650958737179533,0.1299,0.0023773056343482537,0.0,0.0,0.0,0.0,3.38665,0.020326171467773435,0.15282457879088207,0.10655903128153381,focus,4,Matched Hope per-decision cap sensitivity; cap 8 is pool-bounded.
simulation,hope_cap,hope_cap8_balanced_dual_vs_nemesis,,,,,,,,,,,,,,,,,,0.1322,random,none,decisive,20000,5278780529536525988,0.12757638204944768,0.13696487967342288,0.70075,0.6943654784543033,0.7070574190691706,4.64395,0.016155864894010587,6.44565,0.011361723386569295,0.1322,0.002395087643958173,0.0,0.0,0.0,0.0,5.65915,0.018287435177992275,0.15628426193561248,0.10795625564362396,focus,8,Matched Hope per-decision cap sensitivity; cap 8 is pool-bounded.
simulation,hope_cap,hope_cap0_minmax_dual_vs_nemesis,,,,,,,,,,,,,,,,,,0.3102,random,none,decisive,20000,14579334504322287010,0.3038261108588412,0.3166467860280561,0.854,0.8490383043891536,0.8588257340831242,5.3605,0.016658957456671085,7.6264,0.017759840162460072,0.3102,0.003270983486147298,0.0,0.0,0.0,0.0,0.0,0.0,0.3467296292575103,0.2740121429282373,focus,0,Matched Hope per-decision cap sensitivity; cap 8 is pool-bounded.
simulation,hope_cap,hope_cap4_minmax_dual_vs_nemesis,,,,,,,,,,,,,,,,,,0.62145,random,none,decisive,20000,11620776549426443800,0.6147052929538176,0.6281480614881544,0.93925,0.9358543667527561,0.942476929571956,5.64225,0.016729980319386942,5.7905,0.023681185093368348,0.62145,0.0034297351252176103,0.0,0.0,0.0,0.0,4.1729,0.019618601478601852,0.6575902653101935,0.5851213154200923,focus,4,Matched Hope per-decision cap sensitivity; cap 8 is pool-bounded.
simulation,hope_cap,hope_cap8_minmax_dual_vs_nemesis,,,,,,,,,,,,,,,,,,0.61245,random,none,decisive,20000,10592128326603838496,0.6056770216920068,0.6191797893989753,0.9581,0.9552340957145156,0.9607899608508812,5.72845,0.016991173145879116,5.65815,0.02474459625104401,0.61245,0.003445046195940572,0.0,0.0,0.0,0.0,6.07005,0.016306914044272213,0.6498753117206982,0.5748370927318296,focus,8,Matched Hope per-decision cap sensitivity; cap 8 is pool-bounded.
