stamina,tags,signature_share,niche_coverage,scores,mean_success
5,0,0.2,0.0,10/10/10/12/11,0.5300000000000001
5,0,0.2,0.25,10/10/10/12/11,0.5300000000000001
5,0,0.2,0.5,10/10/10/12/11,0.5300000000000001
5,0,0.2,1.0,10/10/10/12/11,0.5300000000000001
5,0,0.4,0.0,16/6/8/10/10,0.5750000000000001
5,0,0.4,0.25,16/6/8/10/10,0.5750000000000001
5,0,0.4,0.5,16/6/8/10/10,0.5750000000000001
5,0,0.4,1.0,16/6/8/10/10,0.5750000000000001
5,0,0.6,0.0,16/6/8/10/10,0.65
5,0,0.6,0.25,16/6/8/10/10,0.65
5,0,0.6,0.5,16/6/8/10/10,0.65
5,0,0.6,1.0,16/6/8/10/10,0.65
5,0,0.8,0.0,16/6/8/10/10,0.7250000000000001
5,0,0.8,0.25,16/6/8/10/10,0.7250000000000001
5,0,0.8,0.5,16/6/8/10/10,0.7250000000000001
5,0,0.8,1.0,16/6/8/10/10,0.7250000000000001
5,1,0.2,0.0,10/10/10/10/12,0.52
5,1,0.2,0.25,10/10/10/10/12,0.5325000000000001
5,1,0.2,0.5,10/10/10/10/12,0.545
5,1,0.2,1.0,10/10/10/10/12,0.5700000000000001
5,1,0.4,0.0,16/6/6/10/10,0.56
5,1,0.4,0.25,16/6/6/10/10,0.5760000000000001
5,1,0.4,0.5,15/6/8/10/10,0.5925
5,1,0.4,1.0,12/10/10/10/10,0.636
5,1,0.6,0.0,16/6/6/10/10,0.64
5,1,0.6,0.25,16/6/6/10/10,0.664
5,1,0.6,0.5,16/6/6/10/10,0.6880000000000001
5,1,0.6,1.0,16/6/6/10/10,0.736
5,1,0.8,0.0,16/6/6/10/10,0.7200000000000001
5,1,0.8,0.25,16/6/6/10/10,0.7520000000000001
5,1,0.8,0.5,16/6/6/10/10,0.784
5,1,0.8,1.0,16/6/6/10/10,0.848
7,0,0.2,0.0,10/10/10/10/11,0.51
7,0,0.2,0.25,10/10/10/10/11,0.51
7,0,0.2,0.5,10/10/10/10/11,0.51
7,0,0.2,1.0,10/10/10/10/11,0.51
7,0,0.4,0.0,16/6/6/8/10,0.545
7,0,0.4,0.25,16/6/6/8/10,0.545
7,0,0.4,0.5,16/6/6/8/10,0.545
7,0,0.4,1.0,16/6/6/8/10,0.545
7,0,0.6,0.0,16/6/6/8/10,0.63
7,0,0.6,0.25,16/6/6/8/10,0.63
7,0,0.6,0.5,16/6/6/8/10,0.63
7,0,0.6,1.0,16/6/6/8/10,0.63
7,0,0.8,0.0,16/6/6/8/10,0.7150000000000001
7,0,0.8,0.25,16/6/6/8/10,0.7150000000000001
7,0,0.8,0.5,16/6/6/8/10,0.7150000000000001
7,0,0.8,1.0,16/6/6/8/10,0.7150000000000001
7,1,0.2,0.0,10/10/10/10/10,0.5
7,1,0.2,0.25,10/10/10/10/10,0.5125000000000001
7,1,0.2,0.5,10/10/10/10/10,0.525
7,1,0.2,1.0,10/10/10/10/10,0.55
7,1,0.4,0.0,16/6/6/6/10,0.53
7,1,0.4,0.25,16/6/6/6/10,0.546
7,1,0.4,0.5,15/6/6/8/10,0.5625
7,1,0.4,1.0,12/6/10/10/10,0.6060000000000001
7,1,0.6,0.0,16/6/6/6/10,0.62
7,1,0.6,0.25,16/6/6/6/10,0.644
7,1,0.6,0.5,16/6/6/6/10,0.668
7,1,0.6,1.0,16/6/6/6/10,0.716
7,1,0.8,0.0,16/6/6/6/10,0.7100000000000001
7,1,0.8,0.25,16/6/6/6/10,0.7420000000000001
7,1,0.8,0.5,16/6/6/6/10,0.774
7,1,0.8,1.0,16/6/6/6/10,0.838
9,0,0.2,0.0,8/10/10/10/10,0.48000000000000004
9,0,0.2,0.25,8/10/10/10/10,0.48000000000000004
9,0,0.2,0.5,8/10/10/10/10,0.48000000000000004
9,0,0.2,1.0,8/10/10/10/10,0.48000000000000004
9,0,0.4,0.0,16/6/6/6/8,0.515
9,0,0.4,0.25,16/6/6/6/8,0.515
9,0,0.4,0.5,16/6/6/6/8,0.515
9,0,0.4,1.0,16/6/6/6/8,0.515
9,0,0.6,0.0,16/6/6/6/8,0.61
9,0,0.6,0.25,16/6/6/6/8,0.61
9,0,0.6,0.5,16/6/6/6/8,0.61
9,0,0.6,1.0,16/6/6/6/8,0.61
9,0,0.8,0.0,16/6/6/6/8,0.7050000000000001
9,0,0.8,0.25,16/6/6/6/8,0.7050000000000001
9,0,0.8,0.5,16/6/6/6/8,0.7050000000000001
9,0,0.8,1.0,16/6/6/6/8,0.7050000000000001
9,1,0.2,0.0,9/7/10/10/10,0.4600000000000001
9,1,0.2,0.25,10/6/10/10/10,0.47250000000000003
9,1,0.2,0.5,10/6/10/10/10,0.48500000000000004
9,1,0.2,1.0,10/6/10/10/10,0.51
9,1,0.4,0.0,15/6/6/6/8,0.495
9,1,0.4,0.25,15/6/6/6/8,0.51375
9,1,0.4,0.5,15/6/6/6/8,0.5325
9,1,0.4,1.0,12/6/6/10/10,0.5760000000000001
9,1,0.6,0.0,15/6/6/6/8,0.58
9,1,0.6,0.25,15/6/6/6/8,0.6081249999999999
9,1,0.6,0.5,15/6/6/6/8,0.63625
9,1,0.6,1.0,15/6/6/6/8,0.6925
9,1,0.8,0.0,15/6/6/6/8,0.665
9,1,0.8,0.25,15/6/6/6/8,0.7025
9,1,0.8,0.5,15/6/6/6/8,0.74
9,1,0.8,1.0,15/6/6/6/8,0.815
