attack,defence,role,cap,win,mean_spend
6,6,attack,0,0.2475,0.0
6,6,attack,1,0.295,0.0475
6,6,attack,2,0.3425,0.1425
6,6,attack,3,0.39,0.285
6,6,attack,6,0.5325,0.9975
6,6,defence,0,0.7525,0.0
6,6,defence,1,0.8,0.0475
6,6,defence,2,0.845,0.1375
6,6,defence,3,0.8875,0.265
6,6,defence,6,0.9675,0.6275
6,10,attack,0,0.1875,0.0
6,10,attack,1,0.2275,0.04
6,10,attack,2,0.27,0.125
6,10,attack,3,0.315,0.26
6,10,attack,6,0.4575,0.9725
6,10,defence,0,0.8125,0.0
6,10,defence,1,0.85,0.0375
6,10,defence,2,0.885,0.1075
6,10,defence,3,0.9175,0.205
6,10,defence,6,0.9775,0.4775
6,12,attack,0,0.1575,0.0
6,12,attack,1,0.1925,0.035
6,12,attack,2,0.23,0.11
6,12,attack,3,0.27,0.23
6,12,attack,6,0.405,0.91
6,12,defence,0,0.8425,0.0
6,12,defence,1,0.875,0.0325
6,12,defence,2,0.905,0.0925
6,12,defence,3,0.9325,0.175
6,12,defence,6,0.9825,0.4025
6,16,attack,0,0.0975,0.0
6,16,attack,1,0.1225,0.025
6,16,attack,2,0.15,0.08
6,16,attack,3,0.18,0.17
6,16,attack,6,0.285,0.7
6,16,defence,0,0.9025,0.0
6,16,defence,1,0.925,0.0225
6,16,defence,2,0.945,0.0625
6,16,defence,3,0.9625,0.115
6,16,defence,6,0.9925,0.2525
10,6,attack,0,0.4475,0.0
10,6,attack,1,0.4975,0.05
10,6,attack,2,0.5475,0.15
10,6,attack,3,0.5975,0.3
10,6,attack,6,0.7475,1.05
10,6,defence,0,0.5525,0.0
10,6,defence,1,0.6025,0.05
10,6,defence,2,0.6525,0.15
10,6,defence,3,0.7025,0.3
10,6,defence,6,0.8375,0.97
10,10,attack,0,0.3625,0.0
10,10,attack,1,0.41,0.0475
10,10,attack,2,0.4575,0.1425
10,10,attack,3,0.505,0.285
10,10,attack,6,0.6475,0.9975
10,10,defence,0,0.6375,0.0
10,10,defence,1,0.685,0.0475
10,10,defence,2,0.73,0.1375
10,10,defence,3,0.7725,0.265
10,10,defence,6,0.885,0.8225
10,12,attack,0,0.3125,0.0
10,12,attack,1,0.3575,0.045
10,12,attack,2,0.405,0.14
10,12,attack,3,0.4525,0.2825
10,12,attack,6,0.595,0.995
10,12,defence,0,0.6875,0.0
10,12,defence,1,0.73,0.0425
10,12,defence,2,0.77,0.1225
10,12,defence,3,0.8075,0.235
10,12,defence,6,0.905,0.7175
10,16,attack,0,0.2125,0.0
10,16,attack,1,0.2475,0.035
10,16,attack,2,0.285,0.11
10,16,attack,3,0.325,0.23
10,16,attack,6,0.46,0.91
10,16,defence,0,0.7875,0.0
10,16,defence,1,0.82,0.0325
10,16,defence,2,0.85,0.0925
10,16,defence,3,0.8775,0.175
10,16,defence,6,0.945,0.5075
12,6,attack,0,0.5475,0.0
12,6,attack,1,0.5975,0.05
12,6,attack,2,0.6475,0.15
12,6,attack,3,0.6975,0.3
12,6,attack,6,0.8475,1.05
12,6,defence,0,0.4525,0.0
12,6,defence,1,0.5025,0.05
12,6,defence,2,0.5525,0.15
12,6,defence,3,0.6025,0.3
12,6,defence,6,0.75,1.035
12,10,attack,0,0.4625,0.0
12,10,attack,1,0.5125,0.05
12,10,attack,2,0.5625,0.15
12,10,attack,3,0.6125,0.3
12,10,attack,6,0.7625,1.05
12,10,defence,0,0.5375,0.0
12,10,defence,1,0.5875,0.05
12,10,defence,2,0.635,0.145
12,10,defence,3,0.68,0.28
12,10,defence,6,0.8,0.875
12,12,attack,0,0.405,0.0
12,12,attack,1,0.4525,0.0475
12,12,attack,2,0.5,0.1425
12,12,attack,3,0.5475,0.285
12,12,attack,6,0.69,0.9975
12,12,defence,0,0.595,0.0
12,12,defence,1,0.6425,0.0475
12,12,defence,2,0.6875,0.1375
12,12,defence,3,0.73,0.265
12,12,defence,6,0.8425,0.8225
12,16,attack,0,0.285,0.0
12,16,attack,1,0.325,0.04
12,16,attack,2,0.3675,0.125
12,16,attack,3,0.4125,0.26
12,16,attack,6,0.555,0.9725
12,16,defence,0,0.715,0.0
12,16,defence,1,0.7525,0.0375
12,16,defence,2,0.7875,0.1075
12,16,defence,3,0.82,0.205
12,16,defence,6,0.9025,0.6125
16,6,attack,0,0.7475,0.0
16,6,attack,1,0.7975,0.05
16,6,attack,2,0.8475,0.15
16,6,attack,3,0.8975,0.3
16,6,attack,6,0.935,0.4825
16,6,defence,0,0.2525,0.0
16,6,defence,1,0.3025,0.05
16,6,defence,2,0.3525,0.15
16,6,defence,3,0.4025,0.3
16,6,defence,6,0.5525,1.05
16,10,attack,0,0.6625,0.0
16,10,attack,1,0.7125,0.05
16,10,attack,2,0.7625,0.15
16,10,attack,3,0.8125,0.3
16,10,attack,6,0.88,0.6325
16,10,defence,0,0.3375,0.0
16,10,defence,1,0.3875,0.05
16,10,defence,2,0.4375,0.15
16,10,defence,3,0.4875,0.3
16,10,defence,6,0.635,1.035
16,12,attack,0,0.605,0.0
16,12,attack,1,0.655,0.05
16,12,attack,2,0.705,0.15
16,12,attack,3,0.755,0.3
16,12,attack,6,0.8375,0.7075
16,12,defence,0,0.395,0.0
16,12,defence,1,0.445,0.05
16,12,defence,2,0.495,0.15
16,12,defence,3,0.545,0.3
16,12,defence,6,0.68,0.97
16,16,attack,0,0.46,0.0
16,16,attack,1,0.5075,0.0475
16,16,attack,2,0.555,0.1425
16,16,attack,3,0.6025,0.285
16,16,attack,6,0.7075,0.805
16,16,defence,0,0.54,0.0
16,16,defence,1,0.5875,0.0475
16,16,defence,2,0.6325,0.1375
16,16,defence,3,0.675,0.265
16,16,defence,6,0.7875,0.8225
