maximum,kind,rest,milestone,ability_cost,tokens16,low16,tokens32,low32,mean_low,min_expected
6,check,0,0,0,3.37927582501558,0.2212208302631227,1.7287178455699037,0.559654385701626,0.24672323931030934,1.7287178455699037
6,check,0,0,1,0.014627926478910652,0.9971080107020255,1.973842827039587e-07,0.9999999790009029,0.8136998703327951,1.973842827039587e-07
6,check,0,4,0,6.0,0.0,6.0,0.0,0.0026527499999999997,5.460675
6,check,0,4,1,6.0,0.0,6.0,0.0,0.0350505,3.688836
6,check,0,8,0,6.0,0.0,6.0,0.0,0.01723294048915125,4.76100147845067
6,check,0,8,1,6.0,0.0,6.0,0.0,0.2140589853,1.278036789408
6,check,6,0,0,4.29332678445276,0.086634397894423,4.010020908964886,0.10313895572218298,0.06422729526323792,3.69883574025197
6,check,6,0,1,0.12950436482436556,0.9717838630842431,0.16285458975033887,0.9992414155368898,0.7698010977611401,0.011175109275017728
6,check,6,4,0,6.0,0.0,6.0,0.0,0.0020106562500000003,5.460675
6,check,6,4,1,6.0,0.0,6.0,0.0,0.02575996875,3.688836
6,check,6,8,0,6.0,0.0,6.0,0.0,0.01018114496522719,4.92513950487993
6,check,6,8,1,6.0,0.0,6.0,0.0,0.15335848297575,1.8355670460264
6,attack,0,0,0,3.4904921517330205,0.20390147494350075,1.8540804393577146,0.5293776373019956,0.23014903199665993,1.8540804393577146
6,attack,0,0,1,0.015048272571668034,0.9970264304690426,2.037642917986724e-07,0.9999999783599107,0.8118466311444568,2.037642917986724e-07
6,attack,0,4,0,6.0,0.0,6.0,0.0,0.00239623903125,5.487578728125
6,attack,0,4,1,6.0,0.0,6.0,0.0,0.0333412486875,3.713063478
6,attack,0,8,0,6.0,0.0,6.0,0.0,0.01562816265121165,4.821113544810649
6,attack,0,8,1,6.0,0.0,6.0,0.0,0.20866481497365189,1.3014283547258467
6,attack,6,0,0,4.382782205229232,0.07775931799599296,4.12646835978734,0.09188157810342588,0.057502038318443346,3.8208936588871043
6,attack,6,0,1,0.13327747834404788,0.9707302369289723,0.16287312598766554,0.9992371193840653,0.7669359937347451,0.011207397817139754
6,attack,6,4,0,6.0,0.0,6.0,0.0,0.0018152645273437499,5.487578728125
6,attack,6,4,1,6.0,0.0,6.0,0.0,0.024461517269531254,3.713063478
6,attack,6,8,0,6.0,0.0,6.0,0.0,0.00919214510619324,4.978081303498033
6,attack,6,8,1,6.0,0.0,6.0,0.0,0.14796762293384716,1.8694004850331165
6,defence,0,0,0,3.6388401822975585,0.17970603197389975,2.0208837272876,0.48876372882043523,0.20736134437106107,2.0208837272876
6,defence,0,0,1,0.015459641653764759,0.9969443987585913,2.0960988976748877e-07,0.9999999777403045,0.809526294991016,2.0960988976748877e-07
6,defence,0,4,0,6.0,0.0,6.0,0.0,0.00200080603125,5.5234500495
6,defence,0,4,1,6.0,0.0,6.0,0.0,0.03044531475,3.745146841125
6,defence,0,8,0,6.0,0.0,6.0,0.0,0.013228509112442667,4.901262327544912
6,defence,0,8,1,6.0,0.0,6.0,0.0,0.2015547832788975,1.328427491776434
6,defence,6,0,0,4.508460532173852,0.065870403393988,4.287373949169436,0.07756669723520733,0.04854193860785114,3.9898448978608307
6,defence,6,0,1,0.13724333802104008,0.9696023228815147,0.1628861794568249,0.9992328688276051,0.7634065535721792,0.01123903346368164
6,defence,6,4,0,6.0,0.0,6.0,0.0,0.00150605771484375,5.5234500495
6,defence,6,4,1,6.0,0.0,6.0,0.0,0.02229843399609375,3.745146841125
6,defence,6,8,0,6.0,0.0,6.0,0.0,0.007648641715917536,5.051222855784161
6,defence,6,8,1,6.0,0.0,6.0,0.0,0.14057356587543277,1.9111320434245251
8,check,0,0,0,5.203838290776763,0.0776059255834669,2.999424495788277,0.34412295472571397,0.11694830823603039,2.999424495788277
8,check,0,0,1,0.10980099869318756,0.9720765346369638,6.44488210211995e-06,0.9999990463986621,0.7333638737906004,6.44488210211995e-06
8,check,0,4,0,8.0,0.0,8.0,0.0,6.075e-05,7.460081
8,check,0,4,1,8.0,0.0,8.0,0.0,0.003483,5.664347
8,check,0,8,0,8.0,0.0,8.0,0.0,0.0018560768143725001,6.743949796277
8,check,0,8,1,8.0,0.0,8.0,0.0,0.07894461864285,2.78172461604818
8,check,6,0,0,6.19645692450191,0.02741286159060961,5.684686292299612,0.04938726244776684,0.02331402886105758,5.416145935452804
8,check,6,0,1,0.45843721085883754,0.8760122274816661,0.16488098693688816,0.9985826964766216,0.6679490388338396,0.015902857803865543
8,check,6,4,0,8.0,0.0,8.0,0.0,4.809375e-05,7.460081
8,check,6,4,1,8.0,0.0,8.0,0.0,0.00280040625,5.664347
8,check,6,8,0,8.0,0.0,8.0,0.0,0.00100004695648875,6.91361087670665
8,check,6,8,1,8.0,0.0,8.0,0.0,0.04868723964414375,3.51346660472642
8,attack,0,0,0,5.335126299859035,0.06848846452942414,3.184668084105054,0.3143011804901076,0.10523568789249593,3.184668084105054
8,attack,0,0,1,0.11395326096429217,0.9709881695654285,6.7488648940939315e-06,0.9999990025498915,0.7305990172885962,6.7488648940939315e-06
8,attack,0,4,0,8.0,0.0,8.0,0.0,5.208553125e-05,7.487069447375
8,attack,0,4,1,8.0,0.0,8.0,0.0,0.00315071775,5.690897581625
8,attack,0,8,0,8.0,0.0,8.0,0.0,0.0016024007499554462,6.806344956619167
8,attack,0,8,1,8.0,0.0,8.0,0.0,0.07521879624780312,2.825902866520028
8,attack,6,0,0,6.298271252576282,0.023611711330492675,5.83971083897642,0.042124472465710494,0.019975535108455417,5.5721354374767165
8,attack,6,0,1,0.4760797930306781,0.8707182841929301,0.16504652358117974,0.9985304382197584,0.6636629973083038,0.0162534578143216
8,attack,6,4,0,8.0,0.0,8.0,0.0,4.1234378906249996e-05,7.487069447375
8,attack,6,4,1,8.0,0.0,8.0,0.0,0.0025327351054687496,5.690897581625
8,attack,6,8,0,8.0,0.0,8.0,0.0,0.0008602325573577038,6.968121316511723
8,attack,6,8,1,8.0,0.0,8.0,0.0,0.04589142927312304,3.5642747772397985
8,defence,0,0,0,5.509871762054981,0.05694991656174473,3.4331889747928654,0.2761879178711078,0.09034996849672737,3.4331889747928654
8,defence,0,0,1,0.11854354195792062,0.9697803180589251,7.055804933958417e-06,0.9999989570820638,0.7270377288812534,7.055804933958417e-06
8,defence,0,4,0,8.0,0.0,8.0,0.0,4.100878125e-05,7.523049744125
8,defence,0,4,1,8.0,0.0,8.0,0.0,0.0027021546562499997,5.726139911
8,defence,0,8,0,8.0,0.0,8.0,0.0,0.0012795880465512912,6.889447198899221
8,defence,0,8,1,8.0,0.0,8.0,0.0,0.06992704422726043,2.88292843242116
8,defence,6,0,0,6.441479846309142,0.01851971785390833,6.0550540386927425,0.03304438336141236,0.0156752900957024,5.788925474239305
8,defence,6,0,1,0.4970248617249082,0.8643880597788148,0.16522343161867267,0.9984722134821075,0.658157374513313,0.016644674767835745
8,defence,6,4,0,8.0,0.0,8.0,0.0,3.2122828125e-05,7.523049744125
8,defence,6,4,1,8.0,0.0,8.0,0.0,0.0021551426718749997,5.726139911
8,defence,6,8,0,8.0,0.0,8.0,0.0,0.0006671732644096984,7.043470055274521
8,defence,6,8,1,8.0,0.0,8.0,0.0,0.04190533742275995,3.630763438025139
12,check,0,0,0,9.124690777307215,0.0069816838439210735,6.378311831852957,0.09128914440226041,0.021672046235086964,6.378311831852957
12,check,0,0,1,1.175652386343526,0.6897775377382364,0.0011523945084322244,0.999746723148069,0.5731420875657396,0.0011523945084322244
12,check,0,4,0,12.0,0.0,12.0,0.0,0.0,11.46
12,check,0,4,1,12.0,0.0,12.0,0.0,2.7e-05,9.66
12,check,0,8,0,12.0,0.0,12.0,0.0,2.902170303e-05,10.74002756807541
12,check,0,8,1,12.0,0.0,12.0,0.0,0.005561523389925,6.55397104120377
12,check,6,0,0,10.167054593544567,0.0015846450059102683,9.513856732461106,0.0076615124651756095,0.0023869100267956233,9.277343682583787
12,check,6,0,1,2.3501953337737875,0.4602886515891822,0.2236509848931803,0.9801951038304072,0.4658905899962219,0.1286933151505343
12,check,6,4,0,12.0,0.0,12.0,0.0,0.0,11.46
12,check,6,4,1,12.0,0.0,12.0,0.0,1.940625e-05,9.66
12,check,6,8,0,12.0,0.0,12.0,0.0,9.5954033953125e-06,10.91191013598684
12,check,6,8,1,12.0,0.0,12.0,0.0,0.0025975663266149997,7.38630346771629
12,attack,0,0,0,9.267679825509033,0.005743607551379949,6.639469749638054,0.07768227347056607,0.01823259100749781,6.639469749638054
12,attack,0,0,1,1.2210801302445187,0.6774542862119834,0.0012338707485043615,0.9997286680783117,0.5685031053740808,0.0012338707485043615
12,attack,0,4,0,12.0,0.0,12.0,0.0,0.0,11.487
12,attack,0,4,1,12.0,0.0,12.0,0.0,2.3149125e-05,9.687
12,attack,0,8,0,12.0,0.0,12.0,0.0,2.362091456488464e-05,10.803021371366706
12,attack,0,8,1,12.0,0.0,12.0,0.0,0.005007692582624569,6.615129549310444
12,attack,6,0,0,10.27386229274108,0.001255087275268011,9.697476364478169,0.005999333887258907,0.0018786119578199144,9.456640596928068
12,attack,6,0,1,2.428076335071331,0.4438366249211236,0.22862999278744436,0.9786270547966235,0.4586909873039956,0.13743067816421262
12,attack,6,4,0,12.0,0.0,12.0,0.0,0.0,11.487
12,attack,6,4,1,12.0,0.0,12.0,0.0,1.663843359375e-05,9.687
12,attack,6,8,0,12.0,0.0,12.0,0.0,7.737717811568327e-06,10.96669757468023
12,attack,6,8,1,12.0,0.0,12.0,0.0,0.0023045109139170033,7.448395593474835
12,defence,0,0,0,9.458439265701054,0.004149944310944215,6.990644846607353,0.060501238298491924,0.01387908858090268,6.990644846607353
12,defence,0,0,1,1.2789155261179421,0.6615353999314249,0.0013267479242294311,0.999707945316616,0.5623733941530042,0.0013267479242294311
12,defence,0,4,0,12.0,0.0,12.0,0.0,0.0,11.523
12,defence,0,4,1,12.0,0.0,12.0,0.0,1.731290625e-05,9.723
12,defence,0,8,0,12.0,0.0,12.0,0.0,1.6137647132944397e-05,10.887013594202761
12,defence,0,8,1,12.0,0.0,12.0,0.0,0.0042122340399921064,6.696554290375079
12,defence,6,0,0,10.423729806016969,0.0008518917405823876,9.950226477562989,0.004066014862961842,0.0012744400895860221,9.703973267390444
12,defence,6,0,1,2.530066372635789,0.42176345013225436,0.23480806931840262,0.9766679459092346,0.4491514624314259,0.14838273223957776
12,defence,6,4,0,12.0,0.0,12.0,0.0,0.0,11.523
12,defence,6,4,1,12.0,0.0,12.0,0.0,1.23750703125e-05,9.723
12,defence,6,8,0,12.0,0.0,12.0,0.0,5.129607692803795e-06,11.042443790457444
12,defence,6,8,1,12.0,0.0,12.0,0.0,0.0018905010139920633,7.531120548490765
