beats,tick,purge,burst,expected_crises,p_any
12,0.2,0.0,1,0.0725600256,0.07255549952
12,0.2,0.0,2,0.461121732608,0.44165425152
12,0.2,0.1,1,0.03741809176914645,0.03741633985989392
12,0.2,0.1,2,0.42625587835947243,0.40831089042938346
12,0.3333333333333333,0.0,1,0.36902309005138856,0.3684792855650957
12,0.3333333333333333,0.0,2,1.0004572473708275,0.8188773542124149
12,0.3333333333333333,0.1,1,0.2278663267051852,0.22764694630518517
12,0.3333333333333333,0.1,2,0.9588043479230179,0.7883953892947503
12,0.5,0.0,1,0.825439453125,0.80615234375
12,0.5,0.0,2,1.666748046875,0.980712890625
12,0.5,0.1,1,0.6366659241157471,0.6282856859991943
12,0.5,0.1,2,1.6328190935054785,0.9726986894929297
20,0.2,0.0,1,0.3729467437744128,0.37035173609733096
20,0.2,0.0,2,0.9997911909869813,0.7939152810515261
20,0.2,0.1,1,0.1823660128499868,0.1816219661445677
20,0.2,0.1,2,0.9072602900583032,0.7293914767493815
20,0.3333333333333333,0.0,1,0.9405522828023,0.848489142073571
20,0.3333333333333333,0.0,2,1.8888832438596195,0.9824073734004295
20,0.3333333333333333,0.1,1,0.6552822954380382,0.6201406718304024
20,0.3333333333333333,0.1,2,1.8077214837850144,0.9675584452580831
20,0.5,0.0,1,1.6028852462768555,0.9940910339355469
20,0.5,0.0,2,3.0,0.9997987747192383
20,0.5,0.1,1,1.293499570401827,0.9446335886364028
20,0.5,0.1,2,2.9386987693608715,0.9993450412568488
32,0.2,0.0,1,0.8860097046449257,0.7956160995139837
32,0.2,0.0,2,1.8000063514930165,0.9683087349942943
32,0.2,0.1,1,0.4726518366099125,0.45026678509641166
32,0.2,0.1,2,1.6257222466829793,0.9256872807832177
32,0.3333333333333333,0.0,1,1.7338474044202803,0.9930268384620125
32,0.3333333333333333,0.0,2,3.222222214478698,0.9996731873768137
32,0.3333333333333333,0.1,1,1.2603023793675625,0.90195146902969
32,0.3333333333333333,0.1,2,3.0816563235685055,0.9982597804905343
32,0.5,0.0,1,2.8003669967874885,0.9999903494026512
32,0.5,0.0,2,5.0,0.9999998768325895
32,0.5,0.1,1,2.300242516086456,0.9976863118744397
32,0.5,0.1,2,4.897633388262098,0.9999977616688772
