attack,defence,edge,soak,hit,damage,critical_damage,critical_share
6,6,0,0,0.2475,0.3425,0.1425,0.41605839416058393
6,6,0,1,0.2475,0.3425,0.1425,0.41605839416058393
6,6,0,2,0.2475,0.3425,0.1425,0.41605839416058393
6,6,0,3,0.2475,0.3425,0.1425,0.41605839416058393
6,6,1,0,0.2475,0.59,0.19,0.3220338983050847
6,6,1,1,0.2475,0.39,0.19,0.48717948717948717
6,6,1,2,0.2475,0.39,0.19,0.48717948717948717
6,6,1,3,0.2475,0.39,0.19,0.48717948717948717
6,6,2,0,0.2475,0.8375,0.2375,0.2835820895522388
6,6,2,1,0.2475,0.6375,0.2375,0.37254901960784315
6,6,2,2,0.2475,0.4375,0.2375,0.5428571428571428
6,6,2,3,0.2475,0.4375,0.2375,0.5428571428571428
6,7,0,0,0.2325,0.3225,0.135,0.4186046511627907
6,7,0,1,0.2325,0.3225,0.135,0.4186046511627907
6,7,0,2,0.2325,0.3225,0.135,0.4186046511627907
6,7,0,3,0.2325,0.3225,0.135,0.4186046511627907
6,7,1,0,0.2325,0.555,0.18,0.32432432432432434
6,7,1,1,0.2325,0.3675,0.18,0.4897959183673469
6,7,1,2,0.2325,0.3675,0.18,0.4897959183673469
6,7,1,3,0.2325,0.3675,0.18,0.4897959183673469
6,7,2,0,0.2325,0.7875,0.225,0.2857142857142857
6,7,2,1,0.2325,0.6,0.225,0.375
6,7,2,2,0.2325,0.4125,0.225,0.5454545454545454
6,7,2,3,0.2325,0.4125,0.225,0.5454545454545454
6,8,0,0,0.2175,0.3025,0.1275,0.4214876033057851
6,8,0,1,0.2175,0.3025,0.1275,0.4214876033057851
6,8,0,2,0.2175,0.3025,0.1275,0.4214876033057851
6,8,0,3,0.2175,0.3025,0.1275,0.4214876033057851
6,8,1,0,0.2175,0.52,0.17,0.3269230769230769
6,8,1,1,0.2175,0.345,0.17,0.4927536231884058
6,8,1,2,0.2175,0.345,0.17,0.4927536231884058
6,8,1,3,0.2175,0.345,0.17,0.4927536231884058
6,8,2,0,0.2175,0.7375,0.2125,0.288135593220339
6,8,2,1,0.2175,0.5625,0.2125,0.37777777777777777
6,8,2,2,0.2175,0.3875,0.2125,0.5483870967741935
6,8,2,3,0.2175,0.3875,0.2125,0.5483870967741935
6,9,0,0,0.2025,0.2825,0.12,0.4247787610619469
6,9,0,1,0.2025,0.2825,0.12,0.4247787610619469
6,9,0,2,0.2025,0.2825,0.12,0.4247787610619469
6,9,0,3,0.2025,0.2825,0.12,0.4247787610619469
6,9,1,0,0.2025,0.485,0.16,0.32989690721649484
6,9,1,1,0.2025,0.3225,0.16,0.49612403100775193
6,9,1,2,0.2025,0.3225,0.16,0.49612403100775193
6,9,1,3,0.2025,0.3225,0.16,0.49612403100775193
6,9,2,0,0.2025,0.6875,0.2,0.2909090909090909
6,9,2,1,0.2025,0.525,0.2,0.38095238095238093
6,9,2,2,0.2025,0.3625,0.2,0.5517241379310345
6,9,2,3,0.2025,0.3625,0.2,0.5517241379310345
6,10,0,0,0.1875,0.2625,0.1125,0.42857142857142855
6,10,0,1,0.1875,0.2625,0.1125,0.42857142857142855
6,10,0,2,0.1875,0.2625,0.1125,0.42857142857142855
6,10,0,3,0.1875,0.2625,0.1125,0.42857142857142855
6,10,1,0,0.1875,0.45,0.15,0.3333333333333333
6,10,1,1,0.1875,0.3,0.15,0.5
6,10,1,2,0.1875,0.3,0.15,0.5
6,10,1,3,0.1875,0.3,0.15,0.5
6,10,2,0,0.1875,0.6375,0.1875,0.29411764705882354
6,10,2,1,0.1875,0.4875,0.1875,0.38461538461538464
6,10,2,2,0.1875,0.3375,0.1875,0.5555555555555556
6,10,2,3,0.1875,0.3375,0.1875,0.5555555555555556
6,11,0,0,0.1725,0.2425,0.105,0.4329896907216495
6,11,0,1,0.1725,0.2425,0.105,0.4329896907216495
6,11,0,2,0.1725,0.2425,0.105,0.4329896907216495
6,11,0,3,0.1725,0.2425,0.105,0.4329896907216495
6,11,1,0,0.1725,0.415,0.14,0.3373493975903614
6,11,1,1,0.1725,0.2775,0.14,0.5045045045045045
6,11,1,2,0.1725,0.2775,0.14,0.5045045045045045
6,11,1,3,0.1725,0.2775,0.14,0.5045045045045045
6,11,2,0,0.1725,0.5875,0.175,0.2978723404255319
6,11,2,1,0.1725,0.45,0.175,0.3888888888888889
6,11,2,2,0.1725,0.3125,0.175,0.56
6,11,2,3,0.1725,0.3125,0.175,0.56
6,12,0,0,0.1575,0.2225,0.0975,0.43820224719101125
6,12,0,1,0.1575,0.2225,0.0975,0.43820224719101125
6,12,0,2,0.1575,0.2225,0.0975,0.43820224719101125
6,12,0,3,0.1575,0.2225,0.0975,0.43820224719101125
6,12,1,0,0.1575,0.38,0.13,0.34210526315789475
6,12,1,1,0.1575,0.255,0.13,0.5098039215686274
6,12,1,2,0.1575,0.255,0.13,0.5098039215686274
6,12,1,3,0.1575,0.255,0.13,0.5098039215686274
6,12,2,0,0.1575,0.5375,0.1625,0.3023255813953488
6,12,2,1,0.1575,0.4125,0.1625,0.3939393939393939
6,12,2,2,0.1575,0.2875,0.1625,0.5652173913043478
6,12,2,3,0.1575,0.2875,0.1625,0.5652173913043478
6,13,0,0,0.1425,0.2025,0.09,0.4444444444444444
6,13,0,1,0.1425,0.2025,0.09,0.4444444444444444
6,13,0,2,0.1425,0.2025,0.09,0.4444444444444444
6,13,0,3,0.1425,0.2025,0.09,0.4444444444444444
6,13,1,0,0.1425,0.345,0.12,0.34782608695652173
6,13,1,1,0.1425,0.2325,0.12,0.5161290322580645
6,13,1,2,0.1425,0.2325,0.12,0.5161290322580645
6,13,1,3,0.1425,0.2325,0.12,0.5161290322580645
6,13,2,0,0.1425,0.4875,0.15,0.3076923076923077
6,13,2,1,0.1425,0.375,0.15,0.4
6,13,2,2,0.1425,0.2625,0.15,0.5714285714285714
6,13,2,3,0.1425,0.2625,0.15,0.5714285714285714
6,14,0,0,0.1275,0.1825,0.0825,0.4520547945205479
6,14,0,1,0.1275,0.1825,0.0825,0.4520547945205479
6,14,0,2,0.1275,0.1825,0.0825,0.4520547945205479
6,14,0,3,0.1275,0.1825,0.0825,0.4520547945205479
6,14,1,0,0.1275,0.31,0.11,0.3548387096774194
6,14,1,1,0.1275,0.21,0.11,0.5238095238095238
6,14,1,2,0.1275,0.21,0.11,0.5238095238095238
6,14,1,3,0.1275,0.21,0.11,0.5238095238095238
6,14,2,0,0.1275,0.4375,0.1375,0.3142857142857143
6,14,2,1,0.1275,0.3375,0.1375,0.4074074074074074
6,14,2,2,0.1275,0.2375,0.1375,0.5789473684210527
6,14,2,3,0.1275,0.2375,0.1375,0.5789473684210527
6,15,0,0,0.1125,0.1625,0.075,0.46153846153846156
6,15,0,1,0.1125,0.1625,0.075,0.46153846153846156
6,15,0,2,0.1125,0.1625,0.075,0.46153846153846156
6,15,0,3,0.1125,0.1625,0.075,0.46153846153846156
6,15,1,0,0.1125,0.275,0.1,0.36363636363636365
6,15,1,1,0.1125,0.1875,0.1,0.5333333333333333
6,15,1,2,0.1125,0.1875,0.1,0.5333333333333333
6,15,1,3,0.1125,0.1875,0.1,0.5333333333333333
6,15,2,0,0.1125,0.3875,0.125,0.3225806451612903
6,15,2,1,0.1125,0.3,0.125,0.4166666666666667
6,15,2,2,0.1125,0.2125,0.125,0.5882352941176471
6,15,2,3,0.1125,0.2125,0.125,0.5882352941176471
6,16,0,0,0.0975,0.1425,0.0675,0.47368421052631576
6,16,0,1,0.0975,0.1425,0.0675,0.47368421052631576
6,16,0,2,0.0975,0.1425,0.0675,0.47368421052631576
6,16,0,3,0.0975,0.1425,0.0675,0.47368421052631576
6,16,1,0,0.0975,0.24,0.09,0.375
6,16,1,1,0.0975,0.165,0.09,0.5454545454545454
6,16,1,2,0.0975,0.165,0.09,0.5454545454545454
6,16,1,3,0.0975,0.165,0.09,0.5454545454545454
6,16,2,0,0.0975,0.3375,0.1125,0.3333333333333333
6,16,2,1,0.0975,0.2625,0.1125,0.42857142857142855
6,16,2,2,0.0975,0.1875,0.1125,0.6
6,16,2,3,0.0975,0.1875,0.1125,0.6
7,6,0,0,0.2975,0.445,0.15,0.33707865168539325
7,6,0,1,0.2975,0.3975,0.15,0.37735849056603776
7,6,0,2,0.2975,0.3975,0.15,0.37735849056603776
7,6,0,3,0.2975,0.3975,0.15,0.37735849056603776
7,6,1,0,0.2975,0.7425,0.2,0.26936026936026936
7,6,1,1,0.2975,0.495,0.2,0.40404040404040403
7,6,1,2,0.2975,0.4475,0.2,0.44692737430167595
7,6,1,3,0.2975,0.4475,0.2,0.44692737430167595
7,6,2,0,0.2975,1.04,0.25,0.2403846153846154
7,6,2,1,0.2975,0.7925,0.25,0.31545741324921134
7,6,2,2,0.2975,0.545,0.25,0.45871559633027525
7,6,2,3,0.2975,0.4975,0.25,0.5025125628140703
7,7,0,0,0.28,0.42,0.1425,0.3392857142857143
7,7,0,1,0.28,0.375,0.1425,0.38
7,7,0,2,0.28,0.375,0.1425,0.38
7,7,0,3,0.28,0.375,0.1425,0.38
7,7,1,0,0.28,0.7,0.19,0.2714285714285714
7,7,1,1,0.28,0.4675,0.19,0.40641711229946526
7,7,1,2,0.28,0.4225,0.19,0.44970414201183434
7,7,1,3,0.28,0.4225,0.19,0.44970414201183434
7,7,2,0,0.28,0.98,0.2375,0.2423469387755102
7,7,2,1,0.28,0.7475,0.2375,0.3177257525083612
7,7,2,2,0.28,0.515,0.2375,0.46116504854368934
7,7,2,3,0.28,0.47,0.2375,0.5053191489361702
7,8,0,0,0.2625,0.395,0.135,0.34177215189873417
7,8,0,1,0.2625,0.3525,0.135,0.3829787234042553
7,8,0,2,0.2625,0.3525,0.135,0.3829787234042553
7,8,0,3,0.2625,0.3525,0.135,0.3829787234042553
7,8,1,0,0.2625,0.6575,0.18,0.2737642585551331
7,8,1,1,0.2625,0.44,0.18,0.4090909090909091
7,8,1,2,0.2625,0.3975,0.18,0.4528301886792453
7,8,1,3,0.2625,0.3975,0.18,0.4528301886792453
7,8,2,0,0.2625,0.92,0.225,0.24456521739130435
7,8,2,1,0.2625,0.7025,0.225,0.3202846975088968
7,8,2,2,0.2625,0.485,0.225,0.4639175257731959
7,8,2,3,0.2625,0.4425,0.225,0.5084745762711864
7,9,0,0,0.245,0.37,0.1275,0.34459459459459457
7,9,0,1,0.245,0.33,0.1275,0.38636363636363635
7,9,0,2,0.245,0.33,0.1275,0.38636363636363635
7,9,0,3,0.245,0.33,0.1275,0.38636363636363635
7,9,1,0,0.245,0.615,0.17,0.2764227642276423
7,9,1,1,0.245,0.4125,0.17,0.4121212121212121
7,9,1,2,0.245,0.3725,0.17,0.4563758389261745
7,9,1,3,0.245,0.3725,0.17,0.4563758389261745
7,9,2,0,0.245,0.86,0.2125,0.24709302325581395
7,9,2,1,0.245,0.6575,0.2125,0.3231939163498099
7,9,2,2,0.245,0.455,0.2125,0.46703296703296704
7,9,2,3,0.245,0.415,0.2125,0.5120481927710844
7,10,0,0,0.2275,0.345,0.12,0.34782608695652173
7,10,0,1,0.2275,0.3075,0.12,0.3902439024390244
7,10,0,2,0.2275,0.3075,0.12,0.3902439024390244
7,10,0,3,0.2275,0.3075,0.12,0.3902439024390244
7,10,1,0,0.2275,0.5725,0.16,0.2794759825327511
7,10,1,1,0.2275,0.385,0.16,0.4155844155844156
7,10,1,2,0.2275,0.3475,0.16,0.460431654676259
7,10,1,3,0.2275,0.3475,0.16,0.460431654676259
7,10,2,0,0.2275,0.8,0.2,0.25
7,10,2,1,0.2275,0.6125,0.2,0.32653061224489793
7,10,2,2,0.2275,0.425,0.2,0.47058823529411764
7,10,2,3,0.2275,0.3875,0.2,0.5161290322580645
7,11,0,0,0.21,0.32,0.1125,0.3515625
7,11,0,1,0.21,0.285,0.1125,0.39473684210526316
7,11,0,2,0.21,0.285,0.1125,0.39473684210526316
7,11,0,3,0.21,0.285,0.1125,0.39473684210526316
7,11,1,0,0.21,0.53,0.15,0.2830188679245283
7,11,1,1,0.21,0.3575,0.15,0.4195804195804196
7,11,1,2,0.21,0.3225,0.15,0.46511627906976744
7,11,1,3,0.21,0.3225,0.15,0.46511627906976744
7,11,2,0,0.21,0.74,0.1875,0.2533783783783784
7,11,2,1,0.21,0.5675,0.1875,0.3303964757709251
7,11,2,2,0.21,0.395,0.1875,0.47468354430379744
7,11,2,3,0.21,0.36,0.1875,0.5208333333333334
7,12,0,0,0.1925,0.295,0.105,0.3559322033898305
7,12,0,1,0.1925,0.2625,0.105,0.4
7,12,0,2,0.1925,0.2625,0.105,0.4
7,12,0,3,0.1925,0.2625,0.105,0.4
7,12,1,0,0.1925,0.4875,0.14,0.28717948717948716
7,12,1,1,0.1925,0.33,0.14,0.42424242424242425
7,12,1,2,0.1925,0.2975,0.14,0.47058823529411764
7,12,1,3,0.1925,0.2975,0.14,0.47058823529411764
7,12,2,0,0.1925,0.68,0.175,0.25735294117647056
7,12,2,1,0.1925,0.5225,0.175,0.3349282296650718
7,12,2,2,0.1925,0.365,0.175,0.4794520547945205
7,12,2,3,0.1925,0.3325,0.175,0.5263157894736842
7,13,0,0,0.175,0.27,0.0975,0.3611111111111111
7,13,0,1,0.175,0.24,0.0975,0.40625
7,13,0,2,0.175,0.24,0.0975,0.40625
7,13,0,3,0.175,0.24,0.0975,0.40625
7,13,1,0,0.175,0.445,0.13,0.29213483146067415
7,13,1,1,0.175,0.3025,0.13,0.4297520661157025
7,13,1,2,0.175,0.2725,0.13,0.47706422018348627
7,13,1,3,0.175,0.2725,0.13,0.47706422018348627
7,13,2,0,0.175,0.62,0.1625,0.2620967741935484
7,13,2,1,0.175,0.4775,0.1625,0.3403141361256545
7,13,2,2,0.175,0.335,0.1625,0.48507462686567165
7,13,2,3,0.175,0.305,0.1625,0.5327868852459017
7,14,0,0,0.1575,0.245,0.09,0.3673469387755102
7,14,0,1,0.1575,0.2175,0.09,0.41379310344827586
7,14,0,2,0.1575,0.2175,0.09,0.41379310344827586
7,14,0,3,0.1575,0.2175,0.09,0.41379310344827586
7,14,1,0,0.1575,0.4025,0.12,0.2981366459627329
7,14,1,1,0.1575,0.275,0.12,0.43636363636363634
7,14,1,2,0.1575,0.2475,0.12,0.48484848484848486
7,14,1,3,0.1575,0.2475,0.12,0.48484848484848486
7,14,2,0,0.1575,0.56,0.15,0.26785714285714285
7,14,2,1,0.1575,0.4325,0.15,0.3468208092485549
7,14,2,2,0.1575,0.305,0.15,0.4918032786885246
7,14,2,3,0.1575,0.2775,0.15,0.5405405405405406
7,15,0,0,0.14,0.22,0.0825,0.375
7,15,0,1,0.14,0.195,0.0825,0.4230769230769231
7,15,0,2,0.14,0.195,0.0825,0.4230769230769231
7,15,0,3,0.14,0.195,0.0825,0.4230769230769231
7,15,1,0,0.14,0.36,0.11,0.3055555555555556
7,15,1,1,0.14,0.2475,0.11,0.4444444444444444
7,15,1,2,0.14,0.2225,0.11,0.4943820224719101
7,15,1,3,0.14,0.2225,0.11,0.4943820224719101
7,15,2,0,0.14,0.5,0.1375,0.275
7,15,2,1,0.14,0.3875,0.1375,0.3548387096774194
7,15,2,2,0.14,0.275,0.1375,0.5
7,15,2,3,0.14,0.25,0.1375,0.55
7,16,0,0,0.1225,0.195,0.075,0.38461538461538464
7,16,0,1,0.1225,0.1725,0.075,0.43478260869565216
7,16,0,2,0.1225,0.1725,0.075,0.43478260869565216
7,16,0,3,0.1225,0.1725,0.075,0.43478260869565216
7,16,1,0,0.1225,0.3175,0.1,0.31496062992125984
7,16,1,1,0.1225,0.22,0.1,0.45454545454545453
7,16,1,2,0.1225,0.1975,0.1,0.5063291139240507
7,16,1,3,0.1225,0.1975,0.1,0.5063291139240507
7,16,2,0,0.1225,0.44,0.125,0.2840909090909091
7,16,2,1,0.1225,0.3425,0.125,0.36496350364963503
7,16,2,2,0.1225,0.245,0.125,0.5102040816326531
7,16,2,3,0.1225,0.2225,0.125,0.5617977528089888
8,6,0,0,0.3475,0.545,0.15,0.27522935779816515
8,6,0,1,0.3475,0.4475,0.15,0.33519553072625696
8,6,0,2,0.3475,0.4475,0.15,0.33519553072625696
8,6,0,3,0.3475,0.4475,0.15,0.33519553072625696
8,6,1,0,0.3475,0.8925,0.2,0.22408963585434175
8,6,1,1,0.3475,0.595,0.2,0.33613445378151263
8,6,1,2,0.3475,0.4975,0.2,0.4020100502512563
8,6,1,3,0.3475,0.4975,0.2,0.4020100502512563
8,6,2,0,0.3475,1.24,0.25,0.20161290322580644
8,6,2,1,0.3475,0.9425,0.25,0.26525198938992045
8,6,2,2,0.3475,0.645,0.25,0.3875968992248062
8,6,2,3,0.3475,0.5475,0.25,0.45662100456621
8,7,0,0,0.33,0.5225,0.15,0.28708133971291866
8,7,0,1,0.33,0.43,0.15,0.3488372093023256
8,7,0,2,0.33,0.43,0.15,0.3488372093023256
8,7,0,3,0.33,0.43,0.15,0.3488372093023256
8,7,1,0,0.33,0.8525,0.2,0.23460410557184752
8,7,1,1,0.33,0.5725,0.2,0.34934497816593885
8,7,1,2,0.33,0.48,0.2,0.4166666666666667
8,7,1,3,0.33,0.48,0.2,0.4166666666666667
8,7,2,0,0.33,1.1825,0.25,0.21141649048625794
8,7,2,1,0.33,0.9025,0.25,0.2770083102493075
8,7,2,2,0.33,0.6225,0.25,0.40160642570281124
8,7,2,3,0.33,0.53,0.25,0.4716981132075472
8,8,0,0,0.31,0.4925,0.1425,0.2893401015228426
8,8,0,1,0.31,0.405,0.1425,0.35185185185185186
8,8,0,2,0.31,0.405,0.1425,0.35185185185185186
8,8,0,3,0.31,0.405,0.1425,0.35185185185185186
8,8,1,0,0.31,0.8025,0.19,0.2367601246105919
8,8,1,1,0.31,0.54,0.19,0.35185185185185186
8,8,1,2,0.31,0.4525,0.19,0.4198895027624309
8,8,1,3,0.31,0.4525,0.19,0.4198895027624309
8,8,2,0,0.31,1.1125,0.2375,0.21348314606741572
8,8,2,1,0.31,0.85,0.2375,0.27941176470588236
8,8,2,2,0.31,0.5875,0.2375,0.40425531914893614
8,8,2,3,0.31,0.5,0.2375,0.475
8,9,0,0,0.29,0.4625,0.135,0.2918918918918919
8,9,0,1,0.29,0.38,0.135,0.35526315789473684
8,9,0,2,0.29,0.38,0.135,0.35526315789473684
8,9,0,3,0.29,0.38,0.135,0.35526315789473684
8,9,1,0,0.29,0.7525,0.18,0.23920265780730898
8,9,1,1,0.29,0.5075,0.18,0.35467980295566504
8,9,1,2,0.29,0.425,0.18,0.4235294117647059
8,9,1,3,0.29,0.425,0.18,0.4235294117647059
8,9,2,0,0.29,1.0425,0.225,0.2158273381294964
8,9,2,1,0.29,0.7975,0.225,0.28213166144200624
8,9,2,2,0.29,0.5525,0.225,0.4072398190045249
8,9,2,3,0.29,0.47,0.225,0.4787234042553192
8,10,0,0,0.27,0.4325,0.1275,0.2947976878612717
8,10,0,1,0.27,0.355,0.1275,0.3591549295774648
8,10,0,2,0.27,0.355,0.1275,0.3591549295774648
8,10,0,3,0.27,0.355,0.1275,0.3591549295774648
8,10,1,0,0.27,0.7025,0.17,0.24199288256227758
8,10,1,1,0.27,0.475,0.17,0.35789473684210527
8,10,1,2,0.27,0.3975,0.17,0.4276729559748428
8,10,1,3,0.27,0.3975,0.17,0.4276729559748428
8,10,2,0,0.27,0.9725,0.2125,0.2185089974293059
8,10,2,1,0.27,0.745,0.2125,0.28523489932885904
8,10,2,2,0.27,0.5175,0.2125,0.4106280193236715
8,10,2,3,0.27,0.44,0.2125,0.48295454545454547
8,11,0,0,0.25,0.4025,0.12,0.2981366459627329
8,11,0,1,0.25,0.33,0.12,0.36363636363636365
8,11,0,2,0.25,0.33,0.12,0.36363636363636365
8,11,0,3,0.25,0.33,0.12,0.36363636363636365
8,11,1,0,0.25,0.6525,0.16,0.24521072796934865
8,11,1,1,0.25,0.4425,0.16,0.3615819209039548
8,11,1,2,0.25,0.37,0.16,0.43243243243243246
8,11,1,3,0.25,0.37,0.16,0.43243243243243246
8,11,2,0,0.25,0.9025,0.2,0.22160664819944598
8,11,2,1,0.25,0.6925,0.2,0.2888086642599278
8,11,2,2,0.25,0.4825,0.2,0.41450777202072536
8,11,2,3,0.25,0.41,0.2,0.4878048780487805
8,12,0,0,0.23,0.3725,0.1125,0.30201342281879195
8,12,0,1,0.23,0.305,0.1125,0.36885245901639346
8,12,0,2,0.23,0.305,0.1125,0.36885245901639346
8,12,0,3,0.23,0.305,0.1125,0.36885245901639346
8,12,1,0,0.23,0.6025,0.15,0.24896265560165975
8,12,1,1,0.23,0.41,0.15,0.36585365853658536
8,12,1,2,0.23,0.3425,0.15,0.43795620437956206
8,12,1,3,0.23,0.3425,0.15,0.43795620437956206
8,12,2,0,0.23,0.8325,0.1875,0.22522522522522523
8,12,2,1,0.23,0.64,0.1875,0.29296875
8,12,2,2,0.23,0.4475,0.1875,0.41899441340782123
8,12,2,3,0.23,0.38,0.1875,0.4934210526315789
8,13,0,0,0.21,0.3425,0.105,0.30656934306569344
8,13,0,1,0.21,0.28,0.105,0.375
8,13,0,2,0.21,0.28,0.105,0.375
8,13,0,3,0.21,0.28,0.105,0.375
8,13,1,0,0.21,0.5525,0.14,0.25339366515837103
8,13,1,1,0.21,0.3775,0.14,0.3708609271523179
8,13,1,2,0.21,0.315,0.14,0.4444444444444444
8,13,1,3,0.21,0.315,0.14,0.4444444444444444
8,13,2,0,0.21,0.7625,0.175,0.22950819672131148
8,13,2,1,0.21,0.5875,0.175,0.2978723404255319
8,13,2,2,0.21,0.4125,0.175,0.42424242424242425
8,13,2,3,0.21,0.35,0.175,0.5
8,14,0,0,0.19,0.3125,0.0975,0.312
8,14,0,1,0.19,0.255,0.0975,0.38235294117647056
8,14,0,2,0.19,0.255,0.0975,0.38235294117647056
8,14,0,3,0.19,0.255,0.0975,0.38235294117647056
8,14,1,0,0.19,0.5025,0.13,0.25870646766169153
8,14,1,1,0.19,0.345,0.13,0.37681159420289856
8,14,1,2,0.19,0.2875,0.13,0.45217391304347826
8,14,1,3,0.19,0.2875,0.13,0.45217391304347826
8,14,2,0,0.19,0.6925,0.1625,0.23465703971119134
8,14,2,1,0.19,0.535,0.1625,0.3037383177570093
8,14,2,2,0.19,0.3775,0.1625,0.4304635761589404
8,14,2,3,0.19,0.32,0.1625,0.5078125
8,15,0,0,0.17,0.2825,0.09,0.3185840707964602
8,15,0,1,0.17,0.23,0.09,0.391304347826087
8,15,0,2,0.17,0.23,0.09,0.391304347826087
8,15,0,3,0.17,0.23,0.09,0.391304347826087
8,15,1,0,0.17,0.4525,0.12,0.26519337016574585
8,15,1,1,0.17,0.3125,0.12,0.384
8,15,1,2,0.17,0.26,0.12,0.46153846153846156
8,15,1,3,0.17,0.26,0.12,0.46153846153846156
8,15,2,0,0.17,0.6225,0.15,0.24096385542168675
8,15,2,1,0.17,0.4825,0.15,0.31088082901554404
8,15,2,2,0.17,0.3425,0.15,0.43795620437956206
8,15,2,3,0.17,0.29,0.15,0.5172413793103449
8,16,0,0,0.15,0.2525,0.0825,0.32673267326732675
8,16,0,1,0.15,0.205,0.0825,0.4024390243902439
8,16,0,2,0.15,0.205,0.0825,0.4024390243902439
8,16,0,3,0.15,0.205,0.0825,0.4024390243902439
8,16,1,0,0.15,0.4025,0.11,0.2732919254658385
8,16,1,1,0.15,0.28,0.11,0.39285714285714285
8,16,1,2,0.15,0.2325,0.11,0.4731182795698925
8,16,1,3,0.15,0.2325,0.11,0.4731182795698925
8,16,2,0,0.15,0.5525,0.1375,0.248868778280543
8,16,2,1,0.15,0.43,0.1375,0.31976744186046513
8,16,2,2,0.15,0.3075,0.1375,0.44715447154471544
8,16,2,3,0.15,0.26,0.1375,0.5288461538461539
9,6,0,0,0.3975,0.645,0.15,0.23255813953488372
9,6,0,1,0.3975,0.4975,0.15,0.3015075376884422
9,6,0,2,0.3975,0.4975,0.15,0.3015075376884422
9,6,0,3,0.3975,0.4975,0.15,0.3015075376884422
9,6,1,0,0.3975,1.0425,0.2,0.19184652278177458
9,6,1,1,0.3975,0.695,0.2,0.28776978417266186
9,6,1,2,0.3975,0.5475,0.2,0.365296803652968
9,6,1,3,0.3975,0.5475,0.2,0.365296803652968
9,6,2,0,0.3975,1.44,0.25,0.1736111111111111
9,6,2,1,0.3975,1.0925,0.25,0.2288329519450801
9,6,2,2,0.3975,0.745,0.25,0.33557046979865773
9,6,2,3,0.3975,0.5975,0.25,0.41841004184100417
9,7,0,0,0.38,0.6225,0.15,0.24096385542168675
9,7,0,1,0.38,0.48,0.15,0.3125
9,7,0,2,0.38,0.48,0.15,0.3125
9,7,0,3,0.38,0.48,0.15,0.3125
9,7,1,0,0.38,1.0025,0.2,0.19950124688279303
9,7,1,1,0.38,0.6725,0.2,0.29739776951672864
9,7,1,2,0.38,0.53,0.2,0.37735849056603776
9,7,1,3,0.38,0.53,0.2,0.37735849056603776
9,7,2,0,0.38,1.3825,0.25,0.18083182640144665
9,7,2,1,0.38,1.0525,0.25,0.2375296912114014
9,7,2,2,0.38,0.7225,0.25,0.3460207612456747
9,7,2,3,0.38,0.58,0.25,0.43103448275862066
9,8,0,0,0.36,0.595,0.15,0.25210084033613445
9,8,0,1,0.36,0.46,0.15,0.32608695652173914
9,8,0,2,0.36,0.46,0.15,0.32608695652173914
9,8,0,3,0.36,0.46,0.15,0.32608695652173914
9,8,1,0,0.36,0.955,0.2,0.2094240837696335
9,8,1,1,0.36,0.645,0.2,0.31007751937984496
9,8,1,2,0.36,0.51,0.2,0.39215686274509803
9,8,1,3,0.36,0.51,0.2,0.39215686274509803
9,8,2,0,0.36,1.315,0.25,0.19011406844106463
9,8,2,1,0.36,1.005,0.25,0.24875621890547264
9,8,2,2,0.36,0.695,0.25,0.3597122302158273
9,8,2,3,0.36,0.56,0.25,0.44642857142857145
9,9,0,0,0.3375,0.56,0.1425,0.2544642857142857
9,9,0,1,0.3375,0.4325,0.1425,0.32947976878612717
9,9,0,2,0.3375,0.4325,0.1425,0.32947976878612717
9,9,0,3,0.3375,0.4325,0.1425,0.32947976878612717
9,9,1,0,0.3375,0.8975,0.19,0.2116991643454039
9,9,1,1,0.3375,0.6075,0.19,0.31275720164609055
9,9,1,2,0.3375,0.48,0.19,0.3958333333333333
9,9,1,3,0.3375,0.48,0.19,0.3958333333333333
9,9,2,0,0.3375,1.235,0.2375,0.19230769230769232
9,9,2,1,0.3375,0.945,0.2375,0.25132275132275134
9,9,2,2,0.3375,0.655,0.2375,0.36259541984732824
9,9,2,3,0.3375,0.5275,0.2375,0.45023696682464454
9,10,0,0,0.315,0.525,0.135,0.2571428571428571
9,10,0,1,0.315,0.405,0.135,0.3333333333333333
9,10,0,2,0.315,0.405,0.135,0.3333333333333333
9,10,0,3,0.315,0.405,0.135,0.3333333333333333
9,10,1,0,0.315,0.84,0.18,0.21428571428571427
9,10,1,1,0.315,0.57,0.18,0.3157894736842105
9,10,1,2,0.315,0.45,0.18,0.4
9,10,1,3,0.315,0.45,0.18,0.4
9,10,2,0,0.315,1.155,0.225,0.19480519480519481
9,10,2,1,0.315,0.885,0.225,0.2542372881355932
9,10,2,2,0.315,0.615,0.225,0.36585365853658536
9,10,2,3,0.315,0.495,0.225,0.45454545454545453
9,11,0,0,0.2925,0.49,0.1275,0.2602040816326531
9,11,0,1,0.2925,0.3775,0.1275,0.33774834437086093
9,11,0,2,0.2925,0.3775,0.1275,0.33774834437086093
9,11,0,3,0.2925,0.3775,0.1275,0.33774834437086093
9,11,1,0,0.2925,0.7825,0.17,0.21725239616613418
9,11,1,1,0.2925,0.5325,0.17,0.3192488262910798
9,11,1,2,0.2925,0.42,0.17,0.40476190476190477
9,11,1,3,0.2925,0.42,0.17,0.40476190476190477
9,11,2,0,0.2925,1.075,0.2125,0.19767441860465115
9,11,2,1,0.2925,0.825,0.2125,0.25757575757575757
9,11,2,2,0.2925,0.575,0.2125,0.3695652173913043
9,11,2,3,0.2925,0.4625,0.2125,0.4594594594594595
9,12,0,0,0.27,0.455,0.12,0.26373626373626374
9,12,0,1,0.27,0.35,0.12,0.34285714285714286
9,12,0,2,0.27,0.35,0.12,0.34285714285714286
9,12,0,3,0.27,0.35,0.12,0.34285714285714286
9,12,1,0,0.27,0.725,0.16,0.2206896551724138
9,12,1,1,0.27,0.495,0.16,0.32323232323232326
9,12,1,2,0.27,0.39,0.16,0.41025641025641024
9,12,1,3,0.27,0.39,0.16,0.41025641025641024
9,12,2,0,0.27,0.995,0.2,0.20100502512562815
9,12,2,1,0.27,0.765,0.2,0.26143790849673204
9,12,2,2,0.27,0.535,0.2,0.37383177570093457
9,12,2,3,0.27,0.43,0.2,0.46511627906976744
9,13,0,0,0.2475,0.42,0.1125,0.26785714285714285
9,13,0,1,0.2475,0.3225,0.1125,0.3488372093023256
9,13,0,2,0.2475,0.3225,0.1125,0.3488372093023256
9,13,0,3,0.2475,0.3225,0.1125,0.3488372093023256
9,13,1,0,0.2475,0.6675,0.15,0.2247191011235955
9,13,1,1,0.2475,0.4575,0.15,0.32786885245901637
9,13,1,2,0.2475,0.36,0.15,0.4166666666666667
9,13,1,3,0.2475,0.36,0.15,0.4166666666666667
9,13,2,0,0.2475,0.915,0.1875,0.20491803278688525
9,13,2,1,0.2475,0.705,0.1875,0.26595744680851063
9,13,2,2,0.2475,0.495,0.1875,0.3787878787878788
9,13,2,3,0.2475,0.3975,0.1875,0.4716981132075472
9,14,0,0,0.225,0.385,0.105,0.2727272727272727
9,14,0,1,0.225,0.295,0.105,0.3559322033898305
9,14,0,2,0.225,0.295,0.105,0.3559322033898305
9,14,0,3,0.225,0.295,0.105,0.3559322033898305
9,14,1,0,0.225,0.61,0.14,0.22950819672131148
9,14,1,1,0.225,0.42,0.14,0.3333333333333333
9,14,1,2,0.225,0.33,0.14,0.42424242424242425
9,14,1,3,0.225,0.33,0.14,0.42424242424242425
9,14,2,0,0.225,0.835,0.175,0.20958083832335328
9,14,2,1,0.225,0.645,0.175,0.2713178294573643
9,14,2,2,0.225,0.455,0.175,0.38461538461538464
9,14,2,3,0.225,0.365,0.175,0.4794520547945205
9,15,0,0,0.2025,0.35,0.0975,0.2785714285714286
9,15,0,1,0.2025,0.2675,0.0975,0.3644859813084112
9,15,0,2,0.2025,0.2675,0.0975,0.3644859813084112
9,15,0,3,0.2025,0.2675,0.0975,0.3644859813084112
9,15,1,0,0.2025,0.5525,0.13,0.23529411764705882
9,15,1,1,0.2025,0.3825,0.13,0.33986928104575165
9,15,1,2,0.2025,0.3,0.13,0.43333333333333335
9,15,1,3,0.2025,0.3,0.13,0.43333333333333335
9,15,2,0,0.2025,0.755,0.1625,0.2152317880794702
9,15,2,1,0.2025,0.585,0.1625,0.2777777777777778
9,15,2,2,0.2025,0.415,0.1625,0.39156626506024095
9,15,2,3,0.2025,0.3325,0.1625,0.48872180451127817
9,16,0,0,0.18,0.315,0.09,0.2857142857142857
9,16,0,1,0.18,0.24,0.09,0.375
9,16,0,2,0.18,0.24,0.09,0.375
9,16,0,3,0.18,0.24,0.09,0.375
9,16,1,0,0.18,0.495,0.12,0.24242424242424243
9,16,1,1,0.18,0.345,0.12,0.34782608695652173
9,16,1,2,0.18,0.27,0.12,0.4444444444444444
9,16,1,3,0.18,0.27,0.12,0.4444444444444444
9,16,2,0,0.18,0.675,0.15,0.2222222222222222
9,16,2,1,0.18,0.525,0.15,0.2857142857142857
9,16,2,2,0.18,0.375,0.15,0.4
9,16,2,3,0.18,0.3,0.15,0.5
10,6,0,0,0.4475,0.745,0.15,0.20134228187919462
10,6,0,1,0.4475,0.5475,0.15,0.273972602739726
10,6,0,2,0.4475,0.5475,0.15,0.273972602739726
10,6,0,3,0.4475,0.5475,0.15,0.273972602739726
10,6,1,0,0.4475,1.1925,0.2,0.16771488469601678
10,6,1,1,0.4475,0.795,0.2,0.25157232704402516
10,6,1,2,0.4475,0.5975,0.2,0.33472803347280333
10,6,1,3,0.4475,0.5975,0.2,0.33472803347280333
10,6,2,0,0.4475,1.64,0.25,0.1524390243902439
10,6,2,1,0.4475,1.2425,0.25,0.2012072434607646
10,6,2,2,0.4475,0.845,0.25,0.2958579881656805
10,6,2,3,0.4475,0.6475,0.25,0.3861003861003861
10,7,0,0,0.43,0.7225,0.15,0.20761245674740483
10,7,0,1,0.43,0.53,0.15,0.2830188679245283
10,7,0,2,0.43,0.53,0.15,0.2830188679245283
10,7,0,3,0.43,0.53,0.15,0.2830188679245283
10,7,1,0,0.43,1.1525,0.2,0.1735357917570499
10,7,1,1,0.43,0.7725,0.2,0.2588996763754045
10,7,1,2,0.43,0.58,0.2,0.3448275862068966
10,7,1,3,0.43,0.58,0.2,0.3448275862068966
10,7,2,0,0.43,1.5825,0.25,0.1579778830963665
10,7,2,1,0.43,1.2025,0.25,0.2079002079002079
10,7,2,2,0.43,0.8225,0.25,0.303951367781155
10,7,2,3,0.43,0.63,0.25,0.3968253968253968
10,8,0,0,0.41,0.695,0.15,0.2158273381294964
10,8,0,1,0.41,0.51,0.15,0.29411764705882354
10,8,0,2,0.41,0.51,0.15,0.29411764705882354
10,8,0,3,0.41,0.51,0.15,0.29411764705882354
10,8,1,0,0.41,1.105,0.2,0.18099547511312217
10,8,1,1,0.41,0.745,0.2,0.2684563758389262
10,8,1,2,0.41,0.56,0.2,0.35714285714285715
10,8,1,3,0.41,0.56,0.2,0.35714285714285715
10,8,2,0,0.41,1.515,0.25,0.16501650165016502
10,8,2,1,0.41,1.155,0.25,0.21645021645021645
10,8,2,2,0.41,0.795,0.25,0.31446540880503143
10,8,2,3,0.41,0.61,0.25,0.4098360655737705
10,9,0,0,0.3875,0.6625,0.15,0.22641509433962265
10,9,0,1,0.3875,0.4875,0.15,0.3076923076923077
10,9,0,2,0.3875,0.4875,0.15,0.3076923076923077
10,9,0,3,0.3875,0.4875,0.15,0.3076923076923077
10,9,1,0,0.3875,1.05,0.2,0.19047619047619047
10,9,1,1,0.3875,0.7125,0.2,0.2807017543859649
10,9,1,2,0.3875,0.5375,0.2,0.37209302325581395
10,9,1,3,0.3875,0.5375,0.2,0.37209302325581395
10,9,2,0,0.3875,1.4375,0.25,0.17391304347826086
10,9,2,1,0.3875,1.1,0.25,0.22727272727272727
10,9,2,2,0.3875,0.7625,0.25,0.32786885245901637
10,9,2,3,0.3875,0.5875,0.25,0.425531914893617
10,10,0,0,0.3625,0.6225,0.1425,0.2289156626506024
10,10,0,1,0.3625,0.4575,0.1425,0.3114754098360656
10,10,0,2,0.3625,0.4575,0.1425,0.3114754098360656
10,10,0,3,0.3625,0.4575,0.1425,0.3114754098360656
10,10,1,0,0.3625,0.985,0.19,0.19289340101522842
10,10,1,1,0.3625,0.67,0.19,0.2835820895522388
10,10,1,2,0.3625,0.505,0.19,0.37623762376237624
10,10,1,3,0.3625,0.505,0.19,0.37623762376237624
10,10,2,0,0.3625,1.3475,0.2375,0.17625231910946196
10,10,2,1,0.3625,1.0325,0.2375,0.23002421307506055
10,10,2,2,0.3625,0.7175,0.2375,0.3310104529616725
10,10,2,3,0.3625,0.5525,0.2375,0.4298642533936652
10,11,0,0,0.3375,0.5825,0.135,0.2317596566523605
10,11,0,1,0.3375,0.4275,0.135,0.3157894736842105
10,11,0,2,0.3375,0.4275,0.135,0.3157894736842105
10,11,0,3,0.3375,0.4275,0.135,0.3157894736842105
10,11,1,0,0.3375,0.92,0.18,0.1956521739130435
10,11,1,1,0.3375,0.6275,0.18,0.2868525896414343
10,11,1,2,0.3375,0.4725,0.18,0.38095238095238093
10,11,1,3,0.3375,0.4725,0.18,0.38095238095238093
10,11,2,0,0.3375,1.2575,0.225,0.17892644135188868
10,11,2,1,0.3375,0.965,0.225,0.23316062176165803
10,11,2,2,0.3375,0.6725,0.225,0.3345724907063197
10,11,2,3,0.3375,0.5175,0.225,0.43478260869565216
10,12,0,0,0.3125,0.5425,0.1275,0.2350230414746544
10,12,0,1,0.3125,0.3975,0.1275,0.32075471698113206
10,12,0,2,0.3125,0.3975,0.1275,0.32075471698113206
10,12,0,3,0.3125,0.3975,0.1275,0.32075471698113206
10,12,1,0,0.3125,0.855,0.17,0.19883040935672514
10,12,1,1,0.3125,0.585,0.17,0.2905982905982906
10,12,1,2,0.3125,0.44,0.17,0.38636363636363635
10,12,1,3,0.3125,0.44,0.17,0.38636363636363635
10,12,2,0,0.3125,1.1675,0.2125,0.18201284796573874
10,12,2,1,0.3125,0.8975,0.2125,0.23676880222841226
10,12,2,2,0.3125,0.6275,0.2125,0.3386454183266932
10,12,2,3,0.3125,0.4825,0.2125,0.44041450777202074
10,13,0,0,0.2875,0.5025,0.12,0.23880597014925373
10,13,0,1,0.2875,0.3675,0.12,0.32653061224489793
10,13,0,2,0.2875,0.3675,0.12,0.32653061224489793
10,13,0,3,0.2875,0.3675,0.12,0.32653061224489793
10,13,1,0,0.2875,0.79,0.16,0.20253164556962025
10,13,1,1,0.2875,0.5425,0.16,0.29493087557603687
10,13,1,2,0.2875,0.4075,0.16,0.39263803680981596
10,13,1,3,0.2875,0.4075,0.16,0.39263803680981596
10,13,2,0,0.2875,1.0775,0.2,0.18561484918793503
10,13,2,1,0.2875,0.83,0.2,0.24096385542168675
10,13,2,2,0.2875,0.5825,0.2,0.34334763948497854
10,13,2,3,0.2875,0.4475,0.2,0.44692737430167595
10,14,0,0,0.2625,0.4625,0.1125,0.24324324324324326
10,14,0,1,0.2625,0.3375,0.1125,0.3333333333333333
10,14,0,2,0.2625,0.3375,0.1125,0.3333333333333333
10,14,0,3,0.2625,0.3375,0.1125,0.3333333333333333
10,14,1,0,0.2625,0.725,0.15,0.20689655172413793
10,14,1,1,0.2625,0.5,0.15,0.3
10,14,1,2,0.2625,0.375,0.15,0.4
10,14,1,3,0.2625,0.375,0.15,0.4
10,14,2,0,0.2625,0.9875,0.1875,0.189873417721519
10,14,2,1,0.2625,0.7625,0.1875,0.2459016393442623
10,14,2,2,0.2625,0.5375,0.1875,0.3488372093023256
10,14,2,3,0.2625,0.4125,0.1875,0.45454545454545453
10,15,0,0,0.2375,0.4225,0.105,0.2485207100591716
10,15,0,1,0.2375,0.3075,0.105,0.34146341463414637
10,15,0,2,0.2375,0.3075,0.105,0.34146341463414637
10,15,0,3,0.2375,0.3075,0.105,0.34146341463414637
10,15,1,0,0.2375,0.66,0.14,0.21212121212121213
10,15,1,1,0.2375,0.4575,0.14,0.30601092896174864
10,15,1,2,0.2375,0.3425,0.14,0.40875912408759124
10,15,1,3,0.2375,0.3425,0.14,0.40875912408759124
10,15,2,0,0.2375,0.8975,0.175,0.19498607242339833
10,15,2,1,0.2375,0.695,0.175,0.2517985611510791
10,15,2,2,0.2375,0.4925,0.175,0.3553299492385787
10,15,2,3,0.2375,0.3775,0.175,0.46357615894039733
10,16,0,0,0.2125,0.3825,0.0975,0.2549019607843137
10,16,0,1,0.2125,0.2775,0.0975,0.35135135135135137
10,16,0,2,0.2125,0.2775,0.0975,0.35135135135135137
10,16,0,3,0.2125,0.2775,0.0975,0.35135135135135137
10,16,1,0,0.2125,0.595,0.13,0.2184873949579832
10,16,1,1,0.2125,0.415,0.13,0.3132530120481928
10,16,1,2,0.2125,0.31,0.13,0.41935483870967744
10,16,1,3,0.2125,0.31,0.13,0.41935483870967744
10,16,2,0,0.2125,0.8075,0.1625,0.20123839009287925
10,16,2,1,0.2125,0.6275,0.1625,0.2589641434262948
10,16,2,2,0.2125,0.4475,0.1625,0.36312849162011174
10,16,2,3,0.2125,0.3425,0.1625,0.4744525547445255
11,6,0,0,0.4975,0.895,0.2,0.22346368715083798
11,6,0,1,0.4975,0.6475,0.2,0.3088803088803089
11,6,0,2,0.4975,0.6475,0.2,0.3088803088803089
11,6,0,3,0.4975,0.6475,0.2,0.3088803088803089
11,6,1,0,0.4975,1.3925,0.25,0.17953321364452424
11,6,1,1,0.4975,0.945,0.25,0.26455026455026454
11,6,1,2,0.4975,0.6975,0.25,0.35842293906810035
11,6,1,3,0.4975,0.6975,0.25,0.35842293906810035
11,6,2,0,0.4975,1.89,0.3,0.15873015873015872
11,6,2,1,0.4975,1.4425,0.3,0.20797227036395147
11,6,2,2,0.4975,0.995,0.3,0.3015075376884422
11,6,2,3,0.4975,0.7475,0.3,0.4013377926421405
11,7,0,0,0.48,0.8725,0.2,0.22922636103151864
11,7,0,1,0.48,0.63,0.2,0.31746031746031744
11,7,0,2,0.48,0.63,0.2,0.31746031746031744
11,7,0,3,0.48,0.63,0.2,0.31746031746031744
11,7,1,0,0.48,1.3525,0.25,0.18484288354898337
11,7,1,1,0.48,0.9225,0.25,0.27100271002710025
11,7,1,2,0.48,0.68,0.25,0.36764705882352944
11,7,1,3,0.48,0.68,0.25,0.36764705882352944
11,7,2,0,0.48,1.8325,0.3,0.16371077762619374
11,7,2,1,0.48,1.4025,0.3,0.21390374331550802
11,7,2,2,0.48,0.9725,0.3,0.30848329048843187
11,7,2,3,0.48,0.73,0.3,0.410958904109589
11,8,0,0,0.46,0.845,0.2,0.23668639053254437
11,8,0,1,0.46,0.61,0.2,0.32786885245901637
11,8,0,2,0.46,0.61,0.2,0.32786885245901637
11,8,0,3,0.46,0.61,0.2,0.32786885245901637
11,8,1,0,0.46,1.305,0.25,0.19157088122605365
11,8,1,1,0.46,0.895,0.25,0.27932960893854747
11,8,1,2,0.46,0.66,0.25,0.3787878787878788
11,8,1,3,0.46,0.66,0.25,0.3787878787878788
11,8,2,0,0.46,1.765,0.3,0.16997167138810199
11,8,2,1,0.46,1.355,0.3,0.22140221402214022
11,8,2,2,0.46,0.945,0.3,0.31746031746031744
11,8,2,3,0.46,0.71,0.3,0.4225352112676056
11,9,0,0,0.4375,0.8125,0.2,0.24615384615384617
11,9,0,1,0.4375,0.5875,0.2,0.3404255319148936
11,9,0,2,0.4375,0.5875,0.2,0.3404255319148936
11,9,0,3,0.4375,0.5875,0.2,0.3404255319148936
11,9,1,0,0.4375,1.25,0.25,0.2
11,9,1,1,0.4375,0.8625,0.25,0.2898550724637681
11,9,1,2,0.4375,0.6375,0.25,0.39215686274509803
11,9,1,3,0.4375,0.6375,0.25,0.39215686274509803
11,9,2,0,0.4375,1.6875,0.3,0.17777777777777778
11,9,2,1,0.4375,1.3,0.3,0.23076923076923078
11,9,2,2,0.4375,0.9125,0.3,0.3287671232876712
11,9,2,3,0.4375,0.6875,0.3,0.43636363636363634
11,10,0,0,0.4125,0.775,0.2,0.25806451612903225
11,10,0,1,0.4125,0.5625,0.2,0.35555555555555557
11,10,0,2,0.4125,0.5625,0.2,0.35555555555555557
11,10,0,3,0.4125,0.5625,0.2,0.35555555555555557
11,10,1,0,0.4125,1.1875,0.25,0.21052631578947367
11,10,1,1,0.4125,0.825,0.25,0.30303030303030304
11,10,1,2,0.4125,0.6125,0.25,0.40816326530612246
11,10,1,3,0.4125,0.6125,0.25,0.40816326530612246
11,10,2,0,0.4125,1.6,0.3,0.1875
11,10,2,1,0.4125,1.2375,0.3,0.24242424242424243
11,10,2,2,0.4125,0.875,0.3,0.34285714285714286
11,10,2,3,0.4125,0.6625,0.3,0.4528301886792453
11,11,0,0,0.385,0.7275,0.19,0.2611683848797251
11,11,0,1,0.385,0.5275,0.19,0.36018957345971564
11,11,0,2,0.385,0.5275,0.19,0.36018957345971564
11,11,0,3,0.385,0.5275,0.19,0.36018957345971564
11,11,1,0,0.385,1.1125,0.2375,0.21348314606741572
11,11,1,1,0.385,0.775,0.2375,0.3064516129032258
11,11,1,2,0.385,0.575,0.2375,0.41304347826086957
11,11,1,3,0.385,0.575,0.2375,0.41304347826086957
11,11,2,0,0.385,1.4975,0.285,0.19031719532554256
11,11,2,1,0.385,1.16,0.285,0.24568965517241378
11,11,2,2,0.385,0.8225,0.285,0.3465045592705167
11,11,2,3,0.385,0.6225,0.285,0.4578313253012048
11,12,0,0,0.3575,0.68,0.18,0.2647058823529412
11,12,0,1,0.3575,0.4925,0.18,0.36548223350253806
11,12,0,2,0.3575,0.4925,0.18,0.36548223350253806
11,12,0,3,0.3575,0.4925,0.18,0.36548223350253806
11,12,1,0,0.3575,1.0375,0.225,0.21686746987951808
11,12,1,1,0.3575,0.725,0.225,0.3103448275862069
11,12,1,2,0.3575,0.5375,0.225,0.4186046511627907
11,12,1,3,0.3575,0.5375,0.225,0.4186046511627907
11,12,2,0,0.3575,1.395,0.27,0.1935483870967742
11,12,2,1,0.3575,1.0825,0.27,0.24942263279445728
11,12,2,2,0.3575,0.77,0.27,0.35064935064935066
11,12,2,3,0.3575,0.5825,0.27,0.463519313304721
11,13,0,0,0.33,0.6325,0.17,0.26877470355731226
11,13,0,1,0.33,0.4575,0.17,0.37158469945355194
11,13,0,2,0.33,0.4575,0.17,0.37158469945355194
11,13,0,3,0.33,0.4575,0.17,0.37158469945355194
11,13,1,0,0.33,0.9625,0.2125,0.22077922077922077
11,13,1,1,0.33,0.675,0.2125,0.3148148148148148
11,13,1,2,0.33,0.5,0.2125,0.425
11,13,1,3,0.33,0.5,0.2125,0.425
11,13,2,0,0.33,1.2925,0.255,0.19729206963249515
11,13,2,1,0.33,1.005,0.255,0.2537313432835821
11,13,2,2,0.33,0.7175,0.255,0.3554006968641115
11,13,2,3,0.33,0.5425,0.255,0.4700460829493088
11,14,0,0,0.3025,0.585,0.16,0.27350427350427353
11,14,0,1,0.3025,0.4225,0.16,0.378698224852071
11,14,0,2,0.3025,0.4225,0.16,0.378698224852071
11,14,0,3,0.3025,0.4225,0.16,0.378698224852071
11,14,1,0,0.3025,0.8875,0.2,0.22535211267605634
11,14,1,1,0.3025,0.625,0.2,0.32
11,14,1,2,0.3025,0.4625,0.2,0.43243243243243246
11,14,1,3,0.3025,0.4625,0.2,0.43243243243243246
11,14,2,0,0.3025,1.19,0.24,0.20168067226890757
11,14,2,1,0.3025,0.9275,0.24,0.2587601078167116
11,14,2,2,0.3025,0.665,0.24,0.3609022556390977
11,14,2,3,0.3025,0.5025,0.24,0.47761194029850745
11,15,0,0,0.275,0.5375,0.15,0.27906976744186046
11,15,0,1,0.275,0.3875,0.15,0.3870967741935484
11,15,0,2,0.275,0.3875,0.15,0.3870967741935484
11,15,0,3,0.275,0.3875,0.15,0.3870967741935484
11,15,1,0,0.275,0.8125,0.1875,0.23076923076923078
11,15,1,1,0.275,0.575,0.1875,0.32608695652173914
11,15,1,2,0.275,0.425,0.1875,0.4411764705882353
11,15,1,3,0.275,0.425,0.1875,0.4411764705882353
11,15,2,0,0.275,1.0875,0.225,0.20689655172413793
11,15,2,1,0.275,0.85,0.225,0.2647058823529412
11,15,2,2,0.275,0.6125,0.225,0.3673469387755102
11,15,2,3,0.275,0.4625,0.225,0.4864864864864865
11,16,0,0,0.2475,0.49,0.14,0.2857142857142857
11,16,0,1,0.2475,0.3525,0.14,0.3971631205673759
11,16,0,2,0.2475,0.3525,0.14,0.3971631205673759
11,16,0,3,0.2475,0.3525,0.14,0.3971631205673759
11,16,1,0,0.2475,0.7375,0.175,0.23728813559322035
11,16,1,1,0.2475,0.525,0.175,0.3333333333333333
11,16,1,2,0.2475,0.3875,0.175,0.45161290322580644
11,16,1,3,0.2475,0.3875,0.175,0.45161290322580644
11,16,2,0,0.2475,0.985,0.21,0.2131979695431472
11,16,2,1,0.2475,0.7725,0.21,0.27184466019417475
11,16,2,2,0.2475,0.56,0.21,0.375
11,16,2,3,0.2475,0.4225,0.21,0.4970414201183432
12,6,0,0,0.5475,1.045,0.2,0.19138755980861244
12,6,0,1,0.5475,0.7475,0.2,0.26755852842809363
12,6,0,2,0.5475,0.6975,0.2,0.2867383512544803
12,6,0,3,0.5475,0.6975,0.2,0.2867383512544803
12,6,1,0,0.5475,1.5925,0.25,0.15698587127158556
12,6,1,1,0.5475,1.095,0.25,0.228310502283105
12,6,1,2,0.5475,0.7975,0.25,0.31347962382445144
12,6,1,3,0.5475,0.7475,0.25,0.33444816053511706
12,6,2,0,0.5475,2.14,0.3,0.14018691588785046
12,6,2,1,0.5475,1.6425,0.3,0.182648401826484
12,6,2,2,0.5475,1.145,0.3,0.26200873362445415
12,6,2,3,0.5475,0.8475,0.3,0.35398230088495575
12,7,0,0,0.53,1.0225,0.2,0.19559902200489
12,7,0,1,0.53,0.73,0.2,0.273972602739726
12,7,0,2,0.53,0.68,0.2,0.29411764705882354
12,7,0,3,0.53,0.68,0.2,0.29411764705882354
12,7,1,0,0.53,1.5525,0.25,0.1610305958132045
12,7,1,1,0.53,1.0725,0.25,0.2331002331002331
12,7,1,2,0.53,0.78,0.25,0.32051282051282054
12,7,1,3,0.53,0.73,0.25,0.3424657534246575
12,7,2,0,0.53,2.0825,0.3,0.14405762304921968
12,7,2,1,0.53,1.6025,0.3,0.187207488299532
12,7,2,2,0.53,1.1225,0.3,0.267260579064588
12,7,2,3,0.53,0.83,0.3,0.3614457831325301
12,8,0,0,0.51,0.995,0.2,0.20100502512562815
12,8,0,1,0.51,0.71,0.2,0.28169014084507044
12,8,0,2,0.51,0.66,0.2,0.30303030303030304
12,8,0,3,0.51,0.66,0.2,0.30303030303030304
12,8,1,0,0.51,1.505,0.25,0.16611295681063123
12,8,1,1,0.51,1.045,0.25,0.23923444976076555
12,8,1,2,0.51,0.76,0.25,0.32894736842105265
12,8,1,3,0.51,0.71,0.25,0.352112676056338
12,8,2,0,0.51,2.015,0.3,0.1488833746898263
12,8,2,1,0.51,1.555,0.3,0.19292604501607716
12,8,2,2,0.51,1.095,0.3,0.273972602739726
12,8,2,3,0.51,0.81,0.3,0.37037037037037035
12,9,0,0,0.4875,0.9625,0.2,0.2077922077922078
12,9,0,1,0.4875,0.6875,0.2,0.2909090909090909
12,9,0,2,0.4875,0.6375,0.2,0.3137254901960784
12,9,0,3,0.4875,0.6375,0.2,0.3137254901960784
12,9,1,0,0.4875,1.45,0.25,0.1724137931034483
12,9,1,1,0.4875,1.0125,0.25,0.24691358024691357
12,9,1,2,0.4875,0.7375,0.25,0.3389830508474576
12,9,1,3,0.4875,0.6875,0.25,0.36363636363636365
12,9,2,0,0.4875,1.9375,0.3,0.15483870967741936
12,9,2,1,0.4875,1.5,0.3,0.2
12,9,2,2,0.4875,1.0625,0.3,0.2823529411764706
12,9,2,3,0.4875,0.7875,0.3,0.38095238095238093
12,10,0,0,0.4625,0.925,0.2,0.21621621621621623
12,10,0,1,0.4625,0.6625,0.2,0.3018867924528302
12,10,0,2,0.4625,0.6125,0.2,0.32653061224489793
12,10,0,3,0.4625,0.6125,0.2,0.32653061224489793
12,10,1,0,0.4625,1.3875,0.25,0.18018018018018017
12,10,1,1,0.4625,0.975,0.25,0.2564102564102564
12,10,1,2,0.4625,0.7125,0.25,0.3508771929824561
12,10,1,3,0.4625,0.6625,0.25,0.37735849056603776
12,10,2,0,0.4625,1.85,0.3,0.16216216216216217
12,10,2,1,0.4625,1.4375,0.3,0.20869565217391303
12,10,2,2,0.4625,1.025,0.3,0.2926829268292683
12,10,2,3,0.4625,0.7625,0.3,0.39344262295081966
12,11,0,0,0.435,0.88,0.2,0.22727272727272727
12,11,0,1,0.435,0.6325,0.2,0.31620553359683795
12,11,0,2,0.435,0.585,0.2,0.3418803418803419
12,11,0,3,0.435,0.585,0.2,0.3418803418803419
12,11,1,0,0.435,1.315,0.25,0.19011406844106463
12,11,1,1,0.435,0.93,0.25,0.26881720430107525
12,11,1,2,0.435,0.6825,0.25,0.3663003663003663
12,11,1,3,0.435,0.635,0.25,0.3937007874015748
12,11,2,0,0.435,1.75,0.3,0.17142857142857143
12,11,2,1,0.435,1.365,0.3,0.21978021978021978
12,11,2,2,0.435,0.98,0.3,0.30612244897959184
12,11,2,3,0.435,0.7325,0.3,0.40955631399317405
12,12,0,0,0.405,0.825,0.19,0.23030303030303031
12,12,0,1,0.405,0.5925,0.19,0.3206751054852321
12,12,0,2,0.405,0.5475,0.19,0.3470319634703196
12,12,0,3,0.405,0.5475,0.19,0.3470319634703196
12,12,1,0,0.405,1.23,0.2375,0.19308943089430894
12,12,1,1,0.405,0.8725,0.2375,0.2722063037249284
12,12,1,2,0.405,0.64,0.2375,0.37109375
12,12,1,3,0.405,0.595,0.2375,0.39915966386554624
12,12,2,0,0.405,1.635,0.285,0.1743119266055046
12,12,2,1,0.405,1.2775,0.285,0.22309197651663404
12,12,2,2,0.405,0.92,0.285,0.30978260869565216
12,12,2,3,0.405,0.6875,0.285,0.41454545454545455
12,13,0,0,0.375,0.77,0.18,0.23376623376623376
12,13,0,1,0.375,0.5525,0.18,0.3257918552036199
12,13,0,2,0.375,0.51,0.18,0.35294117647058826
12,13,0,3,0.375,0.51,0.18,0.35294117647058826
12,13,1,0,0.375,1.145,0.225,0.1965065502183406
12,13,1,1,0.375,0.815,0.225,0.27607361963190186
12,13,1,2,0.375,0.5975,0.225,0.37656903765690375
12,13,1,3,0.375,0.555,0.225,0.40540540540540543
12,13,2,0,0.375,1.52,0.27,0.17763157894736842
12,13,2,1,0.375,1.19,0.27,0.226890756302521
12,13,2,2,0.375,0.86,0.27,0.313953488372093
12,13,2,3,0.375,0.6425,0.27,0.42023346303501946
12,14,0,0,0.345,0.715,0.17,0.23776223776223776
12,14,0,1,0.345,0.5125,0.17,0.33170731707317075
12,14,0,2,0.345,0.4725,0.17,0.35978835978835977
12,14,0,3,0.345,0.4725,0.17,0.35978835978835977
12,14,1,0,0.345,1.06,0.2125,0.20047169811320756
12,14,1,1,0.345,0.7575,0.2125,0.28052805280528054
12,14,1,2,0.345,0.555,0.2125,0.38288288288288286
12,14,1,3,0.345,0.515,0.2125,0.41262135922330095
12,14,2,0,0.345,1.405,0.255,0.18149466192170818
12,14,2,1,0.345,1.1025,0.255,0.23129251700680273
12,14,2,2,0.345,0.8,0.255,0.31875
12,14,2,3,0.345,0.5975,0.255,0.42677824267782427
12,15,0,0,0.315,0.66,0.16,0.24242424242424243
12,15,0,1,0.315,0.4725,0.16,0.3386243386243386
12,15,0,2,0.315,0.435,0.16,0.367816091954023
12,15,0,3,0.315,0.435,0.16,0.367816091954023
12,15,1,0,0.315,0.975,0.2,0.20512820512820512
12,15,1,1,0.315,0.7,0.2,0.2857142857142857
12,15,1,2,0.315,0.5125,0.2,0.3902439024390244
12,15,1,3,0.315,0.475,0.2,0.42105263157894735
12,15,2,0,0.315,1.29,0.24,0.18604651162790697
12,15,2,1,0.315,1.015,0.24,0.23645320197044334
12,15,2,2,0.315,0.74,0.24,0.32432432432432434
12,15,2,3,0.315,0.5525,0.24,0.4343891402714932
12,16,0,0,0.285,0.605,0.15,0.24793388429752067
12,16,0,1,0.285,0.4325,0.15,0.3468208092485549
12,16,0,2,0.285,0.3975,0.15,0.37735849056603776
12,16,0,3,0.285,0.3975,0.15,0.37735849056603776
12,16,1,0,0.285,0.89,0.1875,0.21067415730337077
12,16,1,1,0.285,0.6425,0.1875,0.2918287937743191
12,16,1,2,0.285,0.47,0.1875,0.39893617021276595
12,16,1,3,0.285,0.435,0.1875,0.43103448275862066
12,16,2,0,0.285,1.175,0.225,0.19148936170212766
12,16,2,1,0.285,0.9275,0.225,0.24258760107816713
12,16,2,2,0.285,0.68,0.225,0.33088235294117646
12,16,2,3,0.285,0.5075,0.225,0.4433497536945813
13,6,0,0,0.5975,1.195,0.2,0.16736401673640167
13,6,0,1,0.5975,0.8475,0.2,0.2359882005899705
13,6,0,2,0.5975,0.7475,0.2,0.26755852842809363
13,6,0,3,0.5975,0.7475,0.2,0.26755852842809363
13,6,1,0,0.5975,1.7925,0.25,0.1394700139470014
13,6,1,1,0.5975,1.245,0.25,0.20080321285140562
13,6,1,2,0.5975,0.8975,0.25,0.2785515320334262
13,6,1,3,0.5975,0.7975,0.25,0.31347962382445144
13,6,2,0,0.5975,2.39,0.3,0.12552301255230125
13,6,2,1,0.5975,1.8425,0.3,0.1628222523744912
13,6,2,2,0.5975,1.295,0.3,0.23166023166023167
13,6,2,3,0.5975,0.9475,0.3,0.316622691292876
13,7,0,0,0.58,1.1725,0.2,0.17057569296375266
13,7,0,1,0.58,0.83,0.2,0.24096385542168675
13,7,0,2,0.58,0.73,0.2,0.273972602739726
13,7,0,3,0.58,0.73,0.2,0.273972602739726
13,7,1,0,0.58,1.7525,0.25,0.14265335235378032
13,7,1,1,0.58,1.2225,0.25,0.20449897750511248
13,7,1,2,0.58,0.88,0.25,0.2840909090909091
13,7,1,3,0.58,0.78,0.25,0.32051282051282054
13,7,2,0,0.58,2.3325,0.3,0.12861736334405144
13,7,2,1,0.58,1.8025,0.3,0.1664355062413315
13,7,2,2,0.58,1.2725,0.3,0.2357563850687623
13,7,2,3,0.58,0.93,0.3,0.3225806451612903
13,8,0,0,0.56,1.145,0.2,0.17467248908296942
13,8,0,1,0.56,0.81,0.2,0.24691358024691357
13,8,0,2,0.56,0.71,0.2,0.28169014084507044
13,8,0,3,0.56,0.71,0.2,0.28169014084507044
13,8,1,0,0.56,1.705,0.25,0.1466275659824047
13,8,1,1,0.56,1.195,0.25,0.20920502092050208
13,8,1,2,0.56,0.86,0.25,0.29069767441860467
13,8,1,3,0.56,0.76,0.25,0.32894736842105265
13,8,2,0,0.56,2.265,0.3,0.13245033112582782
13,8,2,1,0.56,1.755,0.3,0.17094017094017094
13,8,2,2,0.56,1.245,0.3,0.24096385542168675
13,8,2,3,0.56,0.91,0.3,0.32967032967032966
13,9,0,0,0.5375,1.1125,0.2,0.1797752808988764
13,9,0,1,0.5375,0.7875,0.2,0.25396825396825395
13,9,0,2,0.5375,0.6875,0.2,0.2909090909090909
13,9,0,3,0.5375,0.6875,0.2,0.2909090909090909
13,9,1,0,0.5375,1.65,0.25,0.15151515151515152
13,9,1,1,0.5375,1.1625,0.25,0.21505376344086022
13,9,1,2,0.5375,0.8375,0.25,0.29850746268656714
13,9,1,3,0.5375,0.7375,0.25,0.3389830508474576
13,9,2,0,0.5375,2.1875,0.3,0.13714285714285715
13,9,2,1,0.5375,1.7,0.3,0.17647058823529413
13,9,2,2,0.5375,1.2125,0.3,0.24742268041237114
13,9,2,3,0.5375,0.8875,0.3,0.3380281690140845
13,10,0,0,0.5125,1.075,0.2,0.18604651162790697
13,10,0,1,0.5125,0.7625,0.2,0.26229508196721313
13,10,0,2,0.5125,0.6625,0.2,0.3018867924528302
13,10,0,3,0.5125,0.6625,0.2,0.3018867924528302
13,10,1,0,0.5125,1.5875,0.25,0.15748031496062992
13,10,1,1,0.5125,1.125,0.25,0.2222222222222222
13,10,1,2,0.5125,0.8125,0.25,0.3076923076923077
13,10,1,3,0.5125,0.7125,0.25,0.3508771929824561
13,10,2,0,0.5125,2.1,0.3,0.14285714285714285
13,10,2,1,0.5125,1.6375,0.3,0.183206106870229
13,10,2,2,0.5125,1.175,0.3,0.2553191489361702
13,10,2,3,0.5125,0.8625,0.3,0.34782608695652173
13,11,0,0,0.485,1.03,0.2,0.1941747572815534
13,11,0,1,0.485,0.7325,0.2,0.27303754266211605
13,11,0,2,0.485,0.635,0.2,0.31496062992125984
13,11,0,3,0.485,0.635,0.2,0.31496062992125984
13,11,1,0,0.485,1.515,0.25,0.16501650165016502
13,11,1,1,0.485,1.08,0.25,0.23148148148148148
13,11,1,2,0.485,0.7825,0.25,0.3194888178913738
13,11,1,3,0.485,0.685,0.25,0.36496350364963503
13,11,2,0,0.485,2.0,0.3,0.15
13,11,2,1,0.485,1.565,0.3,0.19169329073482427
13,11,2,2,0.485,1.13,0.3,0.26548672566371684
13,11,2,3,0.485,0.8325,0.3,0.36036036036036034
13,12,0,0,0.455,0.9775,0.2,0.20460358056265984
13,12,0,1,0.455,0.6975,0.2,0.2867383512544803
13,12,0,2,0.455,0.605,0.2,0.3305785123966942
13,12,0,3,0.455,0.605,0.2,0.3305785123966942
13,12,1,0,0.455,1.4325,0.25,0.17452006980802792
13,12,1,1,0.455,1.0275,0.25,0.24330900243309003
13,12,1,2,0.455,0.7475,0.25,0.33444816053511706
13,12,1,3,0.455,0.655,0.25,0.3816793893129771
13,12,2,0,0.455,1.8875,0.3,0.15894039735099338
13,12,2,1,0.455,1.4825,0.3,0.20236087689713322
13,12,2,2,0.455,1.0775,0.3,0.27842227378190254
13,12,2,3,0.455,0.7975,0.3,0.3761755485893417
13,13,0,0,0.4225,0.915,0.19,0.20765027322404372
13,13,0,1,0.4225,0.6525,0.19,0.29118773946360155
13,13,0,2,0.4225,0.565,0.19,0.336283185840708
13,13,0,3,0.4225,0.565,0.19,0.336283185840708
13,13,1,0,0.4225,1.3375,0.2375,0.17757009345794392
13,13,1,1,0.4225,0.9625,0.2375,0.24675324675324675
13,13,1,2,0.4225,0.7,0.2375,0.3392857142857143
13,13,1,3,0.4225,0.6125,0.2375,0.3877551020408163
13,13,2,0,0.4225,1.76,0.285,0.16193181818181818
13,13,2,1,0.4225,1.385,0.285,0.20577617328519857
13,13,2,2,0.4225,1.01,0.285,0.28217821782178215
13,13,2,3,0.4225,0.7475,0.285,0.38127090301003347
13,14,0,0,0.39,0.8525,0.18,0.21114369501466276
13,14,0,1,0.39,0.6075,0.18,0.2962962962962963
13,14,0,2,0.39,0.525,0.18,0.34285714285714286
13,14,0,3,0.39,0.525,0.18,0.34285714285714286
13,14,1,0,0.39,1.2425,0.225,0.18108651911468812
13,14,1,1,0.39,0.8975,0.225,0.25069637883008355
13,14,1,2,0.39,0.6525,0.225,0.3448275862068966
13,14,1,3,0.39,0.57,0.225,0.39473684210526316
13,14,2,0,0.39,1.6325,0.27,0.16539050535987748
13,14,2,1,0.39,1.2875,0.27,0.20970873786407768
13,14,2,2,0.39,0.9425,0.27,0.2864721485411141
13,14,2,3,0.39,0.6975,0.27,0.3870967741935484
13,15,0,0,0.3575,0.79,0.17,0.21518987341772153
13,15,0,1,0.3575,0.5625,0.17,0.3022222222222222
13,15,0,2,0.3575,0.485,0.17,0.35051546391752575
13,15,0,3,0.3575,0.485,0.17,0.35051546391752575
13,15,1,0,0.3575,1.1475,0.2125,0.18518518518518517
13,15,1,1,0.3575,0.8325,0.2125,0.2552552552552553
13,15,1,2,0.3575,0.605,0.2125,0.3512396694214876
13,15,1,3,0.3575,0.5275,0.2125,0.4028436018957346
13,15,2,0,0.3575,1.505,0.255,0.16943521594684385
13,15,2,1,0.3575,1.19,0.255,0.21428571428571427
13,15,2,2,0.3575,0.875,0.255,0.2914285714285714
13,15,2,3,0.3575,0.6475,0.255,0.3938223938223938
13,16,0,0,0.325,0.7275,0.16,0.21993127147766323
13,16,0,1,0.325,0.5175,0.16,0.30917874396135264
13,16,0,2,0.325,0.445,0.16,0.3595505617977528
13,16,0,3,0.325,0.445,0.16,0.3595505617977528
13,16,1,0,0.325,1.0525,0.2,0.19002375296912113
13,16,1,1,0.325,0.7675,0.2,0.26058631921824105
13,16,1,2,0.325,0.5575,0.2,0.35874439461883406
13,16,1,3,0.325,0.485,0.2,0.41237113402061853
13,16,2,0,0.325,1.3775,0.24,0.17422867513611615
13,16,2,1,0.325,1.0925,0.24,0.21967963386727687
13,16,2,2,0.325,0.8075,0.24,0.29721362229102166
13,16,2,3,0.325,0.5975,0.24,0.401673640167364
14,6,0,0,0.6475,1.345,0.2,0.14869888475836432
14,6,0,1,0.6475,0.9475,0.2,0.21108179419525067
14,6,0,2,0.6475,0.7975,0.2,0.2507836990595611
14,6,0,3,0.6475,0.7975,0.2,0.2507836990595611
14,6,1,0,0.6475,1.9925,0.25,0.12547051442910917
14,6,1,1,0.6475,1.395,0.25,0.17921146953405018
14,6,1,2,0.6475,0.9975,0.25,0.2506265664160401
14,6,1,3,0.6475,0.8475,0.25,0.2949852507374631
14,6,2,0,0.6475,2.64,0.3,0.11363636363636363
14,6,2,1,0.6475,2.0425,0.3,0.14687882496940025
14,6,2,2,0.6475,1.445,0.3,0.20761245674740483
14,6,2,3,0.6475,1.0475,0.3,0.2863961813842482
14,7,0,0,0.63,1.3225,0.2,0.15122873345935728
14,7,0,1,0.63,0.93,0.2,0.21505376344086022
14,7,0,2,0.63,0.78,0.2,0.2564102564102564
14,7,0,3,0.63,0.78,0.2,0.2564102564102564
14,7,1,0,0.63,1.9525,0.25,0.12804097311139565
14,7,1,1,0.63,1.3725,0.25,0.18214936247723132
14,7,1,2,0.63,0.98,0.25,0.25510204081632654
14,7,1,3,0.63,0.83,0.25,0.30120481927710846
14,7,2,0,0.63,2.5825,0.3,0.11616650532429816
14,7,2,1,0.63,2.0025,0.3,0.149812734082397
14,7,2,2,0.63,1.4225,0.3,0.210896309314587
14,7,2,3,0.63,1.03,0.3,0.2912621359223301
14,8,0,0,0.61,1.295,0.2,0.15444015444015444
14,8,0,1,0.61,0.91,0.2,0.21978021978021978
14,8,0,2,0.61,0.76,0.2,0.2631578947368421
14,8,0,3,0.61,0.76,0.2,0.2631578947368421
14,8,1,0,0.61,1.905,0.25,0.13123359580052493
14,8,1,1,0.61,1.345,0.25,0.18587360594795538
14,8,1,2,0.61,0.96,0.25,0.2604166666666667
14,8,1,3,0.61,0.81,0.25,0.30864197530864196
14,8,2,0,0.61,2.515,0.3,0.11928429423459244
14,8,2,1,0.61,1.955,0.3,0.1534526854219949
14,8,2,2,0.61,1.395,0.3,0.21505376344086022
14,8,2,3,0.61,1.01,0.3,0.297029702970297
14,9,0,0,0.5875,1.2625,0.2,0.15841584158415842
14,9,0,1,0.5875,0.8875,0.2,0.22535211267605634
14,9,0,2,0.5875,0.7375,0.2,0.2711864406779661
14,9,0,3,0.5875,0.7375,0.2,0.2711864406779661
14,9,1,0,0.5875,1.85,0.25,0.13513513513513514
14,9,1,1,0.5875,1.3125,0.25,0.19047619047619047
14,9,1,2,0.5875,0.9375,0.25,0.26666666666666666
14,9,1,3,0.5875,0.7875,0.25,0.31746031746031744
14,9,2,0,0.5875,2.4375,0.3,0.12307692307692308
14,9,2,1,0.5875,1.9,0.3,0.15789473684210525
14,9,2,2,0.5875,1.3625,0.3,0.22018348623853212
14,9,2,3,0.5875,0.9875,0.3,0.3037974683544304
14,10,0,0,0.5625,1.225,0.2,0.16326530612244897
14,10,0,1,0.5625,0.8625,0.2,0.2318840579710145
14,10,0,2,0.5625,0.7125,0.2,0.2807017543859649
14,10,0,3,0.5625,0.7125,0.2,0.2807017543859649
14,10,1,0,0.5625,1.7875,0.25,0.13986013986013987
14,10,1,1,0.5625,1.275,0.25,0.19607843137254902
14,10,1,2,0.5625,0.9125,0.25,0.273972602739726
14,10,1,3,0.5625,0.7625,0.25,0.32786885245901637
14,10,2,0,0.5625,2.35,0.3,0.1276595744680851
14,10,2,1,0.5625,1.8375,0.3,0.16326530612244897
14,10,2,2,0.5625,1.325,0.3,0.22641509433962265
14,10,2,3,0.5625,0.9625,0.3,0.3116883116883117
14,11,0,0,0.535,1.18,0.2,0.1694915254237288
14,11,0,1,0.535,0.8325,0.2,0.24024024024024024
14,11,0,2,0.535,0.685,0.2,0.291970802919708
14,11,0,3,0.535,0.685,0.2,0.291970802919708
14,11,1,0,0.535,1.715,0.25,0.1457725947521866
14,11,1,1,0.535,1.23,0.25,0.2032520325203252
14,11,1,2,0.535,0.8825,0.25,0.28328611898017
14,11,1,3,0.535,0.735,0.25,0.3401360544217687
14,11,2,0,0.535,2.25,0.3,0.13333333333333333
14,11,2,1,0.535,1.765,0.3,0.16997167138810199
14,11,2,2,0.535,1.28,0.3,0.234375
14,11,2,3,0.535,0.9325,0.3,0.32171581769436997
14,12,0,0,0.505,1.1275,0.2,0.17738359201773837
14,12,0,1,0.505,0.7975,0.2,0.2507836990595611
14,12,0,2,0.505,0.655,0.2,0.3053435114503817
14,12,0,3,0.505,0.655,0.2,0.3053435114503817
14,12,1,0,0.505,1.6325,0.25,0.15313935681470137
14,12,1,1,0.505,1.1775,0.25,0.21231422505307856
14,12,1,2,0.505,0.8475,0.25,0.2949852507374631
14,12,1,3,0.505,0.705,0.25,0.3546099290780142
14,12,2,0,0.505,2.1375,0.3,0.14035087719298245
14,12,2,1,0.505,1.6825,0.3,0.17830609212481427
14,12,2,2,0.505,1.2275,0.3,0.24439918533604887
14,12,2,3,0.505,0.8975,0.3,0.3342618384401114
14,13,0,0,0.4725,1.0675,0.2,0.1873536299765808
14,13,0,1,0.4725,0.7575,0.2,0.264026402640264
14,13,0,2,0.4725,0.6225,0.2,0.321285140562249
14,13,0,3,0.4725,0.6225,0.2,0.321285140562249
14,13,1,0,0.4725,1.54,0.25,0.16233766233766234
14,13,1,1,0.4725,1.1175,0.25,0.22371364653243847
14,13,1,2,0.4725,0.8075,0.25,0.30959752321981426
14,13,1,3,0.4725,0.6725,0.25,0.37174721189591076
14,13,2,0,0.4725,2.0125,0.3,0.14906832298136646
14,13,2,1,0.4725,1.59,0.3,0.18867924528301888
14,13,2,2,0.4725,1.1675,0.3,0.2569593147751606
14,13,2,3,0.4725,0.8575,0.3,0.3498542274052478
14,14,0,0,0.4375,0.9975,0.19,0.19047619047619047
14,14,0,1,0.4375,0.7075,0.19,0.26855123674911663
14,14,0,2,0.4375,0.58,0.19,0.3275862068965517
14,14,0,3,0.4375,0.58,0.19,0.3275862068965517
14,14,1,0,0.4375,1.435,0.2375,0.16550522648083624
14,14,1,1,0.4375,1.045,0.2375,0.22727272727272727
14,14,1,2,0.4375,0.755,0.2375,0.31456953642384106
14,14,1,3,0.4375,0.6275,0.2375,0.3784860557768924
14,14,2,0,0.4375,1.8725,0.285,0.15220293724966621
14,14,2,1,0.4375,1.4825,0.285,0.19224283305227655
14,14,2,2,0.4375,1.0925,0.285,0.2608695652173913
14,14,2,3,0.4375,0.8025,0.285,0.35514018691588783
14,15,0,0,0.4025,0.9275,0.18,0.1940700808625337
14,15,0,1,0.4025,0.6575,0.18,0.2737642585551331
14,15,0,2,0.4025,0.5375,0.18,0.33488372093023255
14,15,0,3,0.4025,0.5375,0.18,0.33488372093023255
14,15,1,0,0.4025,1.33,0.225,0.16917293233082706
14,15,1,1,0.4025,0.9725,0.225,0.23136246786632392
14,15,1,2,0.4025,0.7025,0.225,0.3202846975088968
14,15,1,3,0.4025,0.5825,0.225,0.38626609442060084
14,15,2,0,0.4025,1.7325,0.27,0.15584415584415584
14,15,2,1,0.4025,1.375,0.27,0.19636363636363635
14,15,2,2,0.4025,1.0175,0.27,0.26535626535626533
14,15,2,3,0.4025,0.7475,0.27,0.3612040133779264
14,16,0,0,0.3675,0.8575,0.17,0.19825072886297376
14,16,0,1,0.3675,0.6075,0.17,0.27983539094650206
14,16,0,2,0.3675,0.495,0.17,0.3434343434343434
14,16,0,3,0.3675,0.495,0.17,0.3434343434343434
14,16,1,0,0.3675,1.225,0.2125,0.17346938775510204
14,16,1,1,0.3675,0.9,0.2125,0.2361111111111111
14,16,1,2,0.3675,0.65,0.2125,0.3269230769230769
14,16,1,3,0.3675,0.5375,0.2125,0.3953488372093023
14,16,2,0,0.3675,1.5925,0.255,0.16012558869701726
14,16,2,1,0.3675,1.2675,0.255,0.20118343195266272
14,16,2,2,0.3675,0.9425,0.255,0.27055702917771884
14,16,2,3,0.3675,0.6925,0.255,0.36823104693140796
15,6,0,0,0.6975,1.495,0.2,0.13377926421404682
15,6,0,1,0.6975,1.0475,0.2,0.1909307875894988
15,6,0,2,0.6975,0.8475,0.2,0.2359882005899705
15,6,0,3,0.6975,0.8475,0.2,0.2359882005899705
15,6,1,0,0.6975,2.1925,0.25,0.11402508551881414
15,6,1,1,0.6975,1.545,0.25,0.16181229773462782
15,6,1,2,0.6975,1.0975,0.25,0.22779043280182232
15,6,1,3,0.6975,0.8975,0.25,0.2785515320334262
15,6,2,0,0.6975,2.89,0.3,0.10380622837370242
15,6,2,1,0.6975,2.2425,0.3,0.13377926421404682
15,6,2,2,0.6975,1.595,0.3,0.18808777429467086
15,6,2,3,0.6975,1.1475,0.3,0.26143790849673204
15,7,0,0,0.68,1.4725,0.2,0.13582342954159593
15,7,0,1,0.68,1.03,0.2,0.1941747572815534
15,7,0,2,0.68,0.83,0.2,0.24096385542168675
15,7,0,3,0.68,0.83,0.2,0.24096385542168675
15,7,1,0,0.68,2.1525,0.25,0.11614401858304298
15,7,1,1,0.68,1.5225,0.25,0.16420361247947454
15,7,1,2,0.68,1.08,0.25,0.23148148148148148
15,7,1,3,0.68,0.88,0.25,0.2840909090909091
15,7,2,0,0.68,2.8325,0.3,0.1059135039717564
15,7,2,1,0.68,2.2025,0.3,0.1362088535754824
15,7,2,2,0.68,1.5725,0.3,0.1907790143084261
15,7,2,3,0.68,1.13,0.3,0.26548672566371684
15,8,0,0,0.66,1.445,0.2,0.1384083044982699
15,8,0,1,0.66,1.01,0.2,0.19801980198019803
15,8,0,2,0.66,0.81,0.2,0.24691358024691357
15,8,0,3,0.66,0.81,0.2,0.24691358024691357
15,8,1,0,0.66,2.105,0.25,0.1187648456057007
15,8,1,1,0.66,1.495,0.25,0.16722408026755853
15,8,1,2,0.66,1.06,0.25,0.2358490566037736
15,8,1,3,0.66,0.86,0.25,0.29069767441860467
15,8,2,0,0.66,2.765,0.3,0.10849909584086799
15,8,2,1,0.66,2.155,0.3,0.13921113689095127
15,8,2,2,0.66,1.545,0.3,0.1941747572815534
15,8,2,3,0.66,1.11,0.3,0.2702702702702703
15,9,0,0,0.6375,1.4125,0.2,0.1415929203539823
15,9,0,1,0.6375,0.9875,0.2,0.20253164556962025
15,9,0,2,0.6375,0.7875,0.2,0.25396825396825395
15,9,0,3,0.6375,0.7875,0.2,0.25396825396825395
15,9,1,0,0.6375,2.05,0.25,0.12195121951219512
15,9,1,1,0.6375,1.4625,0.25,0.17094017094017094
15,9,1,2,0.6375,1.0375,0.25,0.24096385542168675
15,9,1,3,0.6375,0.8375,0.25,0.29850746268656714
15,9,2,0,0.6375,2.6875,0.3,0.11162790697674418
15,9,2,1,0.6375,2.1,0.3,0.14285714285714285
15,9,2,2,0.6375,1.5125,0.3,0.19834710743801653
15,9,2,3,0.6375,1.0875,0.3,0.27586206896551724
15,10,0,0,0.6125,1.375,0.2,0.14545454545454545
15,10,0,1,0.6125,0.9625,0.2,0.2077922077922078
15,10,0,2,0.6125,0.7625,0.2,0.26229508196721313
15,10,0,3,0.6125,0.7625,0.2,0.26229508196721313
15,10,1,0,0.6125,1.9875,0.25,0.12578616352201258
15,10,1,1,0.6125,1.425,0.25,0.17543859649122806
15,10,1,2,0.6125,1.0125,0.25,0.24691358024691357
15,10,1,3,0.6125,0.8125,0.25,0.3076923076923077
15,10,2,0,0.6125,2.6,0.3,0.11538461538461539
15,10,2,1,0.6125,2.0375,0.3,0.147239263803681
15,10,2,2,0.6125,1.475,0.3,0.2033898305084746
15,10,2,3,0.6125,1.0625,0.3,0.2823529411764706
15,11,0,0,0.585,1.33,0.2,0.15037593984962405
15,11,0,1,0.585,0.9325,0.2,0.21447721179624665
15,11,0,2,0.585,0.735,0.2,0.272108843537415
15,11,0,3,0.585,0.735,0.2,0.272108843537415
15,11,1,0,0.585,1.915,0.25,0.13054830287206268
15,11,1,1,0.585,1.38,0.25,0.18115942028985507
15,11,1,2,0.585,0.9825,0.25,0.2544529262086514
15,11,1,3,0.585,0.785,0.25,0.3184713375796178
15,11,2,0,0.585,2.5,0.3,0.12
15,11,2,1,0.585,1.965,0.3,0.15267175572519084
15,11,2,2,0.585,1.43,0.3,0.2097902097902098
15,11,2,3,0.585,1.0325,0.3,0.29055690072639223
15,12,0,0,0.555,1.2775,0.2,0.15655577299412915
15,12,0,1,0.555,0.8975,0.2,0.22284122562674094
15,12,0,2,0.555,0.705,0.2,0.28368794326241137
15,12,0,3,0.555,0.705,0.2,0.28368794326241137
15,12,1,0,0.555,1.8325,0.25,0.1364256480218281
15,12,1,1,0.555,1.3275,0.25,0.18832391713747645
15,12,1,2,0.555,0.9475,0.25,0.2638522427440633
15,12,1,3,0.555,0.755,0.25,0.33112582781456956
15,12,2,0,0.555,2.3875,0.3,0.1256544502617801
15,12,2,1,0.555,1.8825,0.3,0.1593625498007968
15,12,2,2,0.555,1.3775,0.3,0.2177858439201452
15,12,2,3,0.555,0.9975,0.3,0.3007518796992481
15,13,0,0,0.5225,1.2175,0.2,0.16427104722792607
15,13,0,1,0.5225,0.8575,0.2,0.23323615160349853
15,13,0,2,0.5225,0.6725,0.2,0.29739776951672864
15,13,0,3,0.5225,0.6725,0.2,0.29739776951672864
15,13,1,0,0.5225,1.74,0.25,0.14367816091954022
15,13,1,1,0.5225,1.2675,0.25,0.19723865877712032
15,13,1,2,0.5225,0.9075,0.25,0.27548209366391185
15,13,1,3,0.5225,0.7225,0.25,0.3460207612456747
15,13,2,0,0.5225,2.2625,0.3,0.13259668508287292
15,13,2,1,0.5225,1.79,0.3,0.16759776536312848
15,13,2,2,0.5225,1.3175,0.3,0.22770398481973433
15,13,2,3,0.5225,0.9575,0.3,0.3133159268929504
15,14,0,0,0.4875,1.15,0.2,0.17391304347826086
15,14,0,1,0.4875,0.8125,0.2,0.24615384615384617
15,14,0,2,0.4875,0.6375,0.2,0.3137254901960784
15,14,0,3,0.4875,0.6375,0.2,0.3137254901960784
15,14,1,0,0.4875,1.6375,0.25,0.15267175572519084
15,14,1,1,0.4875,1.2,0.25,0.20833333333333334
15,14,1,2,0.4875,0.8625,0.25,0.2898550724637681
15,14,1,3,0.4875,0.6875,0.25,0.36363636363636365
15,14,2,0,0.4875,2.125,0.3,0.1411764705882353
15,14,2,1,0.4875,1.6875,0.3,0.17777777777777778
15,14,2,2,0.4875,1.25,0.3,0.24
15,14,2,3,0.4875,0.9125,0.3,0.3287671232876712
15,15,0,0,0.45,1.0725,0.19,0.17715617715617715
15,15,0,1,0.45,0.7575,0.19,0.2508250825082508
15,15,0,2,0.45,0.5925,0.19,0.3206751054852321
15,15,0,3,0.45,0.5925,0.19,0.3206751054852321
15,15,1,0,0.45,1.5225,0.2375,0.15599343185550082
15,15,1,1,0.45,1.12,0.2375,0.21205357142857142
15,15,1,2,0.45,0.805,0.2375,0.2950310559006211
15,15,1,3,0.45,0.64,0.2375,0.37109375
15,15,2,0,0.45,1.9725,0.285,0.1444866920152091
15,15,2,1,0.45,1.57,0.285,0.18152866242038215
15,15,2,2,0.45,1.1675,0.285,0.24411134903640258
15,15,2,3,0.45,0.8525,0.285,0.3343108504398827
15,16,0,0,0.4125,0.995,0.18,0.18090452261306533
15,16,0,1,0.4125,0.7025,0.18,0.25622775800711745
15,16,0,2,0.4125,0.5475,0.18,0.3287671232876712
15,16,0,3,0.4125,0.5475,0.18,0.3287671232876712
15,16,1,0,0.4125,1.4075,0.225,0.15985790408525755
15,16,1,1,0.4125,1.04,0.225,0.21634615384615385
15,16,1,2,0.4125,0.7475,0.225,0.3010033444816054
15,16,1,3,0.4125,0.5925,0.225,0.379746835443038
15,16,2,0,0.4125,1.82,0.27,0.14835164835164835
15,16,2,1,0.4125,1.4525,0.27,0.18588640275387264
15,16,2,2,0.4125,1.085,0.27,0.2488479262672811
15,16,2,3,0.4125,0.7925,0.27,0.34069400630914826
16,6,0,0,0.7475,1.695,0.25,0.14749262536873156
16,6,0,1,0.7475,1.1975,0.25,0.20876826722338204
16,6,0,2,0.7475,0.9475,0.25,0.2638522427440633
16,6,0,3,0.7475,0.9475,0.25,0.2638522427440633
16,6,1,0,0.7475,2.4425,0.3,0.12282497441146366
16,6,1,1,0.7475,1.745,0.3,0.17191977077363896
16,6,1,2,0.7475,1.2475,0.3,0.24048096192384769
16,6,1,3,0.7475,0.9975,0.3,0.3007518796992481
16,6,2,0,0.7475,3.19,0.35,0.109717868338558
16,6,2,1,0.7475,2.4925,0.35,0.14042126379137412
16,6,2,2,0.7475,1.795,0.35,0.19498607242339833
16,6,2,3,0.7475,1.2975,0.35,0.2697495183044316
16,7,0,0,0.73,1.6725,0.25,0.14947683109118087
16,7,0,1,0.73,1.18,0.25,0.211864406779661
16,7,0,2,0.73,0.93,0.25,0.26881720430107525
16,7,0,3,0.73,0.93,0.25,0.26881720430107525
16,7,1,0,0.73,2.4025,0.3,0.12486992715920915
16,7,1,1,0.73,1.7225,0.3,0.1741654571843251
16,7,1,2,0.73,1.23,0.3,0.24390243902439024
16,7,1,3,0.73,0.98,0.3,0.30612244897959184
16,7,2,0,0.73,3.1325,0.35,0.11173184357541899
16,7,2,1,0.73,2.4525,0.35,0.14271151885830785
16,7,2,2,0.73,1.7725,0.35,0.19746121297602257
16,7,2,3,0.73,1.28,0.35,0.2734375
16,8,0,0,0.71,1.645,0.25,0.1519756838905775
16,8,0,1,0.71,1.16,0.25,0.21551724137931033
16,8,0,2,0.71,0.91,0.25,0.27472527472527475
16,8,0,3,0.71,0.91,0.25,0.27472527472527475
16,8,1,0,0.71,2.355,0.3,0.12738853503184713
16,8,1,1,0.71,1.695,0.3,0.17699115044247787
16,8,1,2,0.71,1.21,0.3,0.24793388429752067
16,8,1,3,0.71,0.96,0.3,0.3125
16,8,2,0,0.71,3.065,0.35,0.11419249592169657
16,8,2,1,0.71,2.405,0.35,0.14553014553014554
16,8,2,2,0.71,1.745,0.35,0.20057306590257878
16,8,2,3,0.71,1.26,0.35,0.2777777777777778
16,9,0,0,0.6875,1.6125,0.25,0.15503875968992248
16,9,0,1,0.6875,1.1375,0.25,0.21978021978021978
16,9,0,2,0.6875,0.8875,0.25,0.28169014084507044
16,9,0,3,0.6875,0.8875,0.25,0.28169014084507044
16,9,1,0,0.6875,2.3,0.3,0.13043478260869565
16,9,1,1,0.6875,1.6625,0.3,0.18045112781954886
16,9,1,2,0.6875,1.1875,0.3,0.25263157894736843
16,9,1,3,0.6875,0.9375,0.3,0.32
16,9,2,0,0.6875,2.9875,0.35,0.11715481171548117
16,9,2,1,0.6875,2.35,0.35,0.14893617021276595
16,9,2,2,0.6875,1.7125,0.35,0.20437956204379562
16,9,2,3,0.6875,1.2375,0.35,0.2828282828282828
16,10,0,0,0.6625,1.575,0.25,0.15873015873015872
16,10,0,1,0.6625,1.1125,0.25,0.2247191011235955
16,10,0,2,0.6625,0.8625,0.25,0.2898550724637681
16,10,0,3,0.6625,0.8625,0.25,0.2898550724637681
16,10,1,0,0.6625,2.2375,0.3,0.1340782122905028
16,10,1,1,0.6625,1.625,0.3,0.18461538461538463
16,10,1,2,0.6625,1.1625,0.3,0.25806451612903225
16,10,1,3,0.6625,0.9125,0.3,0.3287671232876712
16,10,2,0,0.6625,2.9,0.35,0.1206896551724138
16,10,2,1,0.6625,2.2875,0.35,0.15300546448087432
16,10,2,2,0.6625,1.675,0.35,0.208955223880597
16,10,2,3,0.6625,1.2125,0.35,0.28865979381443296
16,11,0,0,0.635,1.53,0.25,0.16339869281045752
16,11,0,1,0.635,1.0825,0.25,0.23094688221709006
16,11,0,2,0.635,0.835,0.25,0.2994011976047904
16,11,0,3,0.635,0.835,0.25,0.2994011976047904
16,11,1,0,0.635,2.165,0.3,0.13856812933025403
16,11,1,1,0.635,1.58,0.3,0.189873417721519
16,11,1,2,0.635,1.1325,0.3,0.26490066225165565
16,11,1,3,0.635,0.885,0.3,0.3389830508474576
16,11,2,0,0.635,2.8,0.35,0.125
16,11,2,1,0.635,2.215,0.35,0.1580135440180587
16,11,2,2,0.635,1.63,0.35,0.2147239263803681
16,11,2,3,0.635,1.1825,0.35,0.2959830866807611
16,12,0,0,0.605,1.4775,0.25,0.1692047377326565
16,12,0,1,0.605,1.0475,0.25,0.2386634844868735
16,12,0,2,0.605,0.805,0.25,0.3105590062111801
16,12,0,3,0.605,0.805,0.25,0.3105590062111801
16,12,1,0,0.605,2.0825,0.3,0.14405762304921968
16,12,1,1,0.605,1.5275,0.3,0.19639934533551553
16,12,1,2,0.605,1.0975,0.3,0.2733485193621868
16,12,1,3,0.605,0.855,0.3,0.3508771929824561
16,12,2,0,0.605,2.6875,0.35,0.13023255813953488
16,12,2,1,0.605,2.1325,0.35,0.16412661195779601
16,12,2,2,0.605,1.5775,0.35,0.2218700475435816
16,12,2,3,0.605,1.1475,0.35,0.30501089324618735
16,13,0,0,0.5725,1.4175,0.25,0.1763668430335097
16,13,0,1,0.5725,1.0075,0.25,0.24813895781637718
16,13,0,2,0.5725,0.7725,0.25,0.32362459546925565
16,13,0,3,0.5725,0.7725,0.25,0.32362459546925565
16,13,1,0,0.5725,1.99,0.3,0.1507537688442211
16,13,1,1,0.5725,1.4675,0.3,0.20442930153321975
16,13,1,2,0.5725,1.0575,0.3,0.28368794326241137
16,13,1,3,0.5725,0.8225,0.3,0.364741641337386
16,13,2,0,0.5725,2.5625,0.35,0.13658536585365855
16,13,2,1,0.5725,2.04,0.35,0.1715686274509804
16,13,2,2,0.5725,1.5175,0.35,0.23064250411861614
16,13,2,3,0.5725,1.1075,0.35,0.3160270880361174
16,14,0,0,0.5375,1.35,0.25,0.18518518518518517
16,14,0,1,0.5375,0.9625,0.25,0.2597402597402597
16,14,0,2,0.5375,0.7375,0.25,0.3389830508474576
16,14,0,3,0.5375,0.7375,0.25,0.3389830508474576
16,14,1,0,0.5375,1.8875,0.3,0.15894039735099338
16,14,1,1,0.5375,1.4,0.3,0.21428571428571427
16,14,1,2,0.5375,1.0125,0.3,0.2962962962962963
16,14,1,3,0.5375,0.7875,0.3,0.38095238095238093
16,14,2,0,0.5375,2.425,0.35,0.14432989690721648
16,14,2,1,0.5375,1.9375,0.35,0.18064516129032257
16,14,2,2,0.5375,1.45,0.35,0.2413793103448276
16,14,2,3,0.5375,1.0625,0.35,0.32941176470588235
16,15,0,0,0.5,1.275,0.25,0.19607843137254902
16,15,0,1,0.5,0.9125,0.25,0.273972602739726
16,15,0,2,0.5,0.7,0.25,0.35714285714285715
16,15,0,3,0.5,0.7,0.25,0.35714285714285715
16,15,1,0,0.5,1.775,0.3,0.16901408450704225
16,15,1,1,0.5,1.325,0.3,0.22641509433962265
16,15,1,2,0.5,0.9625,0.3,0.3116883116883117
16,15,1,3,0.5,0.75,0.3,0.4
16,15,2,0,0.5,2.275,0.35,0.15384615384615385
16,15,2,1,0.5,1.825,0.35,0.1917808219178082
16,15,2,2,0.5,1.375,0.35,0.2545454545454545
16,15,2,3,0.5,1.0125,0.35,0.345679012345679
16,16,0,0,0.46,1.1875,0.2375,0.2
16,16,0,1,0.46,0.85,0.2375,0.27941176470588236
16,16,0,2,0.46,0.65,0.2375,0.36538461538461536
16,16,0,3,0.46,0.65,0.2375,0.36538461538461536
16,16,1,0,0.46,1.6475,0.285,0.17298937784522003
16,16,1,1,0.46,1.235,0.285,0.23076923076923078
16,16,1,2,0.46,0.8975,0.285,0.31754874651810583
16,16,1,3,0.46,0.6975,0.285,0.40860215053763443
16,16,2,0,0.46,2.1075,0.3325,0.15776986951364175
16,16,2,1,0.46,1.695,0.3325,0.19616519174041297
16,16,2,2,0.46,1.2825,0.3325,0.25925925925925924
16,16,2,3,0.46,0.945,0.3325,0.35185185185185186
